"cell_id","split"
"AAACATGCAGCCAGAA-1","train"
"AAACATGCAGTTTCTC-1","train"
"AAACCAACAATAACCT-1","train"
"AAACCGCGTAATTAGC-1","train"
"AAACCGCGTGTTAAAC-1","train"
"AAACCGCGTTTGTGGA-1","train"
"AAACCGGCAAAGCTCC-1","train"
"AAACCGGCACGCAACT-1","test"
"AAACCGGCAGGAACCA-1","test"
"AAACCGGCAGGACCTT-1","train"
"AAACGGATCCCGTTAC-1","test"
"AAACGGATCGCCTAAG-1","test"
"AAAGCAAGTTAGCGTA-1","test"
"AAAGCCCGTCAAGTGC-1","train"
"AAAGCCCGTTAGACCA-1","test"
"AAAGCCGCAGTCTAGC-1","test"
"AAAGGAGCATTTAAGC-1","test"
"AAAGGTTAGGACCAGG-1","train"
"AAATGCCTCAGCATTA-1","train"
"AAATGCCTCTACCTGC-1","train"
"AAATGGCCAAAGGCCA-1","train"
"AACAAGCCAGGTTTGC-1","test"
"AACAAGCCATGTGGGA-1","test"
"AACAAGCCATTAAAGG-1","train"
"AACAGCAAGCTATTGA-1","test"
"AACCCGCAGCAGCTAT-1","test"
"AACCCGCAGCCTAATA-1","train"
"AACCGGCTCAGCTAAC-1","train"
"AACCTAATCGTTACAA-1","train"
"AACCTAATCTCACTCA-1","train"
"AACCTAATCTTGAGCG-1","train"
"AACCTCCTCTACCTAT-1","train"
"AACCTTAAGTTTGAGC-1","train"
"AACCTTGCAGGCGATA-1","test"
"AACGACAAGGCATGTT-1","train"
"AACGCCCAGTTAGGCT-1","train"
"AACGCTAGTCACCTAT-1","train"
"AACGGTAAGGCGGGTA-1","train"
"AACTCACAGGTCATTA-1","train"
"AACTCACAGTTTGCGG-1","test"
"AAGAACAGTCCTAGTT-1","train"
"AAGAACAGTGCCGCAA-1","train"
"AAGACAAGTATTTGGG-1","train"
"AAGACATAGGCGGATG-1","train"
"AAGACCAAGGATCCGC-1","train"
"AAGCCTCCACTCAACA-1","train"
"AAGCCTGTCGGGCCAT-1","test"
"AAGCCTGTCTAGCGTG-1","train"
"AAGCGAGGTACGGTAC-1","train"
"AAGCGAGGTTTGGTTC-1","test"
"AAGCGCTGTTTGGCTT-1","train"
"AAGCGGGTCCTGCGAA-1","test"
"AAGCGTTTCTGTGCCT-1","test"
"AAGCTATGTATTGAGT-1","train"
"AAGCTATGTTATCCGT-1","train"
"AAGCTTGGTATCTGGA-1","train"
"AAGGAAGCAATTATGC-1","train"
"AAGGAAGCATAGTCAT-1","test"
"AAGGTATAGAGGCTAA-1","train"
"AAGGTATAGATAACCC-1","train"
"AAGGTCAAGGAACGGT-1","train"
"AAGGTCAAGGTACCGC-1","train"
"AAGTAGCCAGGCTTGT-1","test"
"AAGTCTATCCTAATAG-1","train"
"AAGTTTGTCCCGTTAC-1","train"
"AATAACCGTCAAACTG-1","train"
"AATAGCTGTCAAAGAA-1","test"
"AATATCCCATTGTGAT-1","train"
"AATCCCTGTCCACAAA-1","train"
"AATCCCTGTTTCGCCA-1","train"
"AATCCTAAGCCTAATA-1","train"
"AATCGCCCAGCTTAGC-1","train"
"AATGCATGTTCCATTA-1","train"
"AATGGCGCAACACTTG-1","train"
"AATGTCATCAACAAGG-1","test"
"AATTACCCAGGTTACC-1","test"
"AATTAGCGTGGACATC-1","test"
"AATTAGCGTGGATGTC-1","train"
"AATTAGGCATTATGAC-1","test"
"AATTCGTCAAGATTCT-1","test"
"AATTGACGTCTTGCTG-1","train"
"AATTGACGTGGATTGC-1","train"
"AATTGCCAGGTCCAAT-1","test"
"AATTGTGTCCCTCTAA-1","train"
"ACAAAGGTCGCTATAA-1","train"
"ACAAAGGTCGGTTCCT-1","train"
"ACAACACTCAAGCTTA-1","train"
"ACAACACTCCGTGACA-1","test"
"ACAACACTCTACCTCA-1","train"
"ACAACAGAGGAAACTG-1","train"
"ACAACATGTTCAAGCA-1","test"
"ACACAATGTTAAGCGC-1","train"
"ACACGGACATTGTGGC-1","test"
"ACACTAATCATTCATC-1","train"
"ACACTAATCGGCCATA-1","test"
"ACACTAGGTGTCCAGG-1","train"
"ACACTTAAGTTGCCTC-1","train"
"ACACTTGCAAACTGCC-1","train"
"ACAGCCGGTACGTTTC-1","test"
"ACAGCCGGTCGTTACT-1","test"
"ACAGCCGGTTGTAACG-1","train"
"ACAGCGCTCCAAGTTA-1","test"
"ACAGCGCTCGAAGTGA-1","train"
"ACAGGAATCGAAGTGA-1","train"
"ACAGGCTGTCAAAGAA-1","train"
"ACAGGTAAGGTAGCTT-1","test"
"ACATCAATCTAACCTT-1","train"
"ACCAAGCGTCGACTCC-1","train"
"ACCAAGCGTGCAATGC-1","test"
"ACCACATAGTTAGGCT-1","test"
"ACCAGCTCAGGTATTT-1","test"
"ACCAGGACAACTAGCC-1","train"
"ACCAGGACACGAATCC-1","train"
"ACCAGGACAGGTTTGC-1","train"
"ACCAGGACATCCATCT-1","test"
"ACCAGGGAGGAACCGG-1","train"
"ACCAGGGAGGTCCACA-1","train"
"ACCATAATCCTAAGGT-1","test"
"ACCCAACCAATCCTGA-1","train"
"ACCCAACCAGTATGTT-1","test"
"ACCCGTAAGGGCTTTG-1","train"
"ACCCTCCCAGGGAGCT-1","train"
"ACCGGCTAGATTCCTT-1","train"
"ACCGGTTCAAGTCGCT-1","test"
"ACCGGTTCAGGAACAT-1","test"
"ACCGGTTCATAATGAG-1","train"
"ACCTAAATCGCAACAT-1","train"
"ACCTAAGGTACTTCAC-1","train"
"ACCTGGATCAAATCGC-1","train"
"ACCTGGATCCAGGGAG-1","train"
"ACCTGTTGTTCATTTG-1","test"
"ACCTGTTGTTCCGGCT-1","test"
"ACCTTGCTCAGCAAGA-1","test"
"ACCTTGCTCGTTACAA-1","train"
"ACCTTGTGTAATAACC-1","train"
"ACGAAGTCAATGAAGC-1","train"
"ACGAATCTCATGCTTT-1","train"
"ACGACAAAGCAATAGG-1","train"
"ACGACAAAGCACAGCC-1","train"
"ACGACTTAGGCGCACT-1","train"
"ACGATTCAGATACTTG-1","test"
"ACGATTCAGCTTAGCG-1","train"
"ACGCACGGTCAATGTG-1","train"
"ACGCCACAGATTCCTT-1","test"
"ACGCCTTTCCTCCATA-1","train"
"ACGCTTGAGCGCAATT-1","train"
"ACGGGAAGTCCAAGAC-1","train"
"ACGGTTTAGAGCAAGC-1","test"
"ACGTCAAGTCAATACG-1","test"
"ACGTCAAGTCGTAATG-1","train"
"ACGTCAAGTTGGGTTA-1","train"
"ACGTCCAAGAAAGGAA-1","train"
"ACGTTGTAGCCTGTGA-1","train"
"ACGTTGTAGTTGGGCC-1","train"
"ACTAAAGCATAAGGAC-1","test"
"ACTAACCAGGAGTCTT-1","test"
"ACTAACCAGTTCCCAC-1","test"
"ACTAACGGTTGCGCGA-1","train"
"ACTAGGCGTCATCATC-1","train"
"ACTATGTCAGGATAAC-1","test"
"ACTATGTCATGCTATG-1","test"
"ACTCACTGTGCTGTAA-1","test"
"ACTCAGTAGCTTAGCG-1","train"
"ACTCAGTAGGCTGTGC-1","train"
"ACTCAGTAGGGACCTC-1","train"
"ACTCGCGCAATATAGG-1","test"
"ACTGAAACAAACGGGC-1","train"
"ACTGAAACACCTGCCT-1","train"
"ACTGAAACATATAACC-1","test"
"ACTGAATGTAACGGGA-1","test"
"ACTTACAAGCCTGTGA-1","train"
"ACTTACTTCAGTGAAG-1","train"
"ACTTACTTCATTTGTC-1","train"
"ACTTACTTCGACAAAG-1","train"
"ACTTCGCTCAAACACC-1","train"
"ACTTCGCTCCTCACAC-1","train"
"ACTTGCACATCTAGCA-1","train"
"ACTTGTAAGTAAAGGT-1","test"
"ACTTGTCGTCACCTAT-1","train"
"AGAAACTAGTAAAGGT-1","train"
"AGAAAGGCAATTGCGC-1","train"
"AGAAAGGCAGGATAAC-1","train"
"AGAACAAGTGTTCCCA-1","test"
"AGAACAAGTTGCTTCG-1","test"
"AGAACAAGTTGGTTGA-1","train"
"AGAACCAAGCTGCACA-1","test"
"AGAACCAAGTCCTGAG-1","train"
"AGAACCGCATGTCAGC-1","train"
"AGAAGGTGTGTTAAAC-1","train"
"AGAATCTGTGTGTGGT-1","train"
"AGACACGCAATCCCTT-1","train"
"AGACACGCACCTAAGC-1","train"
"AGACACGCACGTAAGG-1","train"
"AGAGAGGAGGCACAGG-1","test"
"AGAGAGGAGTCAATCA-1","train"
"AGAGGAACAAGCTAAA-1","train"
"AGAGGATGTCACAGCG-1","train"
"AGATGCTTCTAACCAA-1","train"
"AGCAAATAGGCTTAAC-1","train"
"AGCAACAAGCATCCAG-1","train"
"AGCAACAAGGGTGAAC-1","train"
"AGCAAGGGTATTCGTC-1","train"
"AGCAATACACCTCAGG-1","train"
"AGCAATACACCTGTAA-1","test"
"AGCAATTGTTGGTTCT-1","train"
"AGCACTAGTTCAAGCA-1","train"
"AGCACTTAGTCTATGA-1","train"
"AGCAGGTAGGCGCATC-1","train"
"AGCAGGTAGTAGAGGC-1","train"
"AGCATCCCACATGCTA-1","train"
"AGCCTAGTCTTGACCC-1","train"
"AGCGGACCATTCCTGT-1","train"
"AGCGTGCTCAATGAGG-1","train"
"AGCGTGCTCCATCAGG-1","train"
"AGCTAAACAGTATGTT-1","train"
"AGCTATATCAATGAGG-1","test"
"AGCTATATCCCGTTAC-1","test"
"AGCTGCTCAGGTATTT-1","train"
"AGCTGCTCAGTAATAG-1","test"
"AGCTGCTCAGTTTCTC-1","train"
"AGCTTAATCAATGTCA-1","test"
"AGCTTGGTCAGCACGC-1","train"
"AGCTTTAAGCTTATGA-1","test"
"AGGAAACGTCGTTACT-1","train"
"AGGAAACGTTTGGTTC-1","train"
"AGGAACGGTAATGGCC-1","train"
"AGGACTAAGATAGACG-1","test"
"AGGATATAGTTCCTGC-1","train"
"AGGATGCAGGATAAAC-1","train"
"AGGATTGAGTTTCCTG-1","test"
"AGGCAATCATATAACC-1","train"
"AGGCAATCATCACAGC-1","train"
"AGGCCCAGTGTTAAAC-1","train"
"AGGCCCAGTTGGATCA-1","train"
"AGGCGGATCGTTTCCA-1","train"
"AGGGCTACATTATGAC-1","train"
"AGGGTTGCACGGTTTA-1","train"
"AGGTACGCAAGTGAAC-1","test"
"AGGTATTGTAGCTAGC-1","test"
"AGGTATTGTCCCGAAG-1","train"
"AGGTCATTCTCACTAT-1","train"
"AGGTCCGGTATTTGCC-1","train"
"AGGTCTTAGGCATTAC-1","train"
"AGGTGAGGTACGTTTC-1","train"
"AGGTGAGGTGCAATGC-1","train"
"AGGTGAGGTTACTAGG-1","train"
"AGGTTGCGTTAGCATG-1","train"
"AGTAAACAGGAAGTAT-1","train"
"AGTAAGTAGGACTTAC-1","train"
"AGTAAGTAGGGATTAG-1","test"
"AGTACGCGTCGCAATA-1","test"
"AGTACGCGTTCCGGGA-1","test"
"AGTCAAGAGCTGTCAG-1","train"
"AGTCAATGTCGCATAA-1","train"
"AGTCAGGCAACCCTAA-1","train"
"AGTCAGGCAATTGACT-1","test"
"AGTCCTTGTAGCCATA-1","test"
"AGTCCTTGTCCTTCAG-1","train"
"AGTCCTTGTTGTGATG-1","train"
"AGTCTTGCACTAGCGT-1","train"
"AGTGATGAGCCGCAAC-1","train"
"AGTGATGAGGCTGGCT-1","train"
"AGTGCACGTCATAACG-1","test"
"AGTGCACGTTTGAGGC-1","train"
"AGTGCCGGTCATGCAA-1","train"
"AGTGTTTCATAACGGG-1","train"
"AGTTACATCATGAAGG-1","train"
"AGTTACTCAAACTAAG-1","train"
"AGTTGCGTCACACAGT-1","test"
"AGTTGCGTCCACCTGT-1","test"
"AGTTGGCGTCATAAGT-1","train"
"AGTTGGCGTGGAAGGC-1","test"
"AGTTTGATCATGAGCT-1","train"
"AGTTTGATCCCGTTGT-1","train"
"AGTTTGATCTCGACCT-1","train"
"AGTTTGCAGGCGGATG-1","train"
"ATAACGACAAACATAG-1","train"
"ATAAGTCGTTAACGGC-1","train"
"ATAAGTCGTTTCCTCC-1","train"
"ATACCTGCAGGGAGGA-1","train"
"ATAGATGCATTAAGTC-1","test"
"ATATGCTCATAATCCG-1","train"
"ATATGTCCACAAAGAC-1","train"
"ATATGTCCATGAATCT-1","test"
"ATATGTCCATTAGGTT-1","train"
"ATATGTCCATTATGCG-1","train"
"ATCAAGACAATATACC-1","train"
"ATCAAGACAATCCTGA-1","test"
"ATCAAGACATAATCAC-1","test"
"ATCAAGCTCATGCGTG-1","test"
"ATCAAGCTCATGCTAA-1","train"
"ATCAAGCTCCCGAACA-1","train"
"ATCAGGTTCTATCGCC-1","test"
"ATCATCAAGGAGGCAT-1","test"
"ATCATGTCAGTGAACG-1","train"
"ATCCAACAGCCAGTAT-1","test"
"ATCCAACAGTTATGGC-1","test"
"ATCCAACAGTTTCCTG-1","train"
"ATCCACCTCTCACATT-1","train"
"ATCCACCTCTGCAACG-1","train"
"ATCCCGCGTACGATTG-1","train"
"ATCCGTGAGTCTGGGC-1","train"
"ATCCTTAGTTTGAGGC-1","train"
"ATCGAGGCAAGCCAGA-1","test"
"ATCGAGGCAAGCTTTG-1","train"
"ATCGAGGCACCTCACC-1","test"
"ATCGAGGCATTAGGTT-1","train"
"ATCGCTTGTACAATGT-1","train"
"ATCTATGAGGATGATG-1","test"
"ATCTTTGGTTTGTCTA-1","train"
"ATGAATGCACAATGTT-1","train"
"ATGACAACATCGCTCC-1","test"
"ATGACCAGTAACGGGA-1","train"
"ATGACGAAGTCATGCG-1","train"
"ATGATGACAATAATCC-1","train"
"ATGATGGAGGGTCCAC-1","train"
"ATGCGATTCCGCCTCA-1","train"
"ATGGCCCAGCTATGAC-1","train"
"ATGGCTGTCAAACTCA-1","test"
"ATGGCTTAGGATCCGC-1","train"
"ATGGTGCGTGAGAAAC-1","train"
"ATGGTTATCACTAAGC-1","test"
"ATGTAACGTGCTGGTG-1","train"
"ATGTAAGCAATCCTAG-1","train"
"ATGTAAGCACGAACAG-1","test"
"ATGTCAATCGCTATGG-1","train"
"ATGTCAATCTTTAAGG-1","train"
"ATGTCCACAGGTTCAC-1","train"
"ATGTCCACATTGTCCT-1","train"
"ATGTGAGAGCTTAACA-1","test"
"ATGTTCAAGCCAAATC-1","train"
"ATGTTGTCAAGACTCC-1","train"
"ATGTTGTCAATGAAGC-1","train"
"ATTAACCCATCGCTTT-1","train"
"ATTACCCGTTAACAGT-1","train"
"ATTACGTCAATGCGCT-1","train"
"ATTAGCGGTTTGTTGC-1","train"
"ATTAGCTCACAAAGAC-1","train"
"ATTATCCTCCGGTTAG-1","test"
"ATTATCCTCTTAGTGA-1","test"
"ATTATGGTCTGTGCAG-1","test"
"ATTCAACCACCTCGCT-1","train"
"ATTCCGGAGGCTGGCT-1","train"
"ATTCCTAGTAAAGCAA-1","train"
"ATTCCTAGTCAATGTG-1","train"
"ATTGAAGCAGGAATCG-1","train"
"ATTGCACAGGCACAGG-1","test"
"ATTGCAGGTAACCAGC-1","train"
"ATTGCGCCAAGGAATC-1","train"
"ATTGCGCCATTGTCCT-1","train"
"ATTGCTCGTTTGCTGT-1","train"
"ATTGGTTCAATCCCTT-1","test"
"ATTGGTTCATCCTGAA-1","train"
"ATTTAGCCACCACAAC-1","train"
"ATTTAGGTCAAAGGCA-1","train"
"ATTTAGGTCCCTGGAA-1","test"
"ATTTGCAAGAGCAAGC-1","train"
"ATTTGCAAGCGTGCGT-1","train"
"ATTTGCAAGTCTATGA-1","test"
"CAAACACTCAGGGCCT-1","test"
"CAAACTGGTGCTCCAC-1","train"
"CAAAGCGCATCCATCT-1","train"
"CAAAGTGAGTTAGACC-1","test"
"CAACAATGTAGGTTAT-1","train"
"CAACAATGTCCTAGTT-1","train"
"CAACCCGCACGTTACA-1","train"
"CAACTAATCAGCTAAC-1","train"
"CAACTAATCGCAAACT-1","train"
"CAAGAACCACATAGCC-1","train"
"CAAGAACCATTGCGGT-1","test"
"CAAGGGAGTCATTAGG-1","train"
"CAAGGTTTCATGCTTT-1","train"
"CAAGTAACATAATCGT-1","train"
"CAAGTGAAGCTCGCTT-1","train"
"CAATAGCTCCTAGTCC-1","test"
"CAATCCTGTGCTAGAC-1","train"
"CAATCCTGTTTGGCTT-1","train"
"CAATGAACAAGGACCA-1","train"
"CAATGACTCTCGCCCA-1","test"
"CAATGCCCAGGTCCTG-1","train"
"CAATGCCCAGTCTATG-1","train"
"CAATGCCCAGTTGCGT-1","train"
"CAATGTCAGCTTCCCG-1","train"
"CACAAGCGTACGATTG-1","test"
"CACAGGGAGGATGATG-1","train"
"CACATGCCAAGGTCGA-1","train"
"CACCAACCATTGTGGC-1","train"
"CACCTCAGTAATGGAA-1","train"
"CACCTCAGTAGCCATA-1","train"
"CACCTCAGTGCAATAT-1","train"
"CACTAAGGTAACGAGG-1","train"
"CACTGACCAGGACACA-1","test"
"CACTGACCATGCTCCC-1","train"
"CAGAACCGTACGGGTT-1","test"
"CAGATTCAGACACTTA-1","train"
"CAGATTCAGATGGACA-1","train"
"CAGATTCAGCTTATGA-1","train"
"CAGCATTAGCAATAGG-1","train"
"CAGCATTAGTAAGGGC-1","test"
"CAGCCTAAGGCTACTG-1","train"
"CAGCTAAGTTCGGGAT-1","train"
"CAGCTCAAGCGATACT-1","test"
"CAGCTCAAGGCGCTAC-1","train"
"CAGCTCAAGTGATTCA-1","train"
"CAGGAAGGTCCTAATC-1","test"
"CAGGAAGGTGCCGCAA-1","train"
"CAGGAAGGTTAGAGGG-1","test"
"CAGGAAGGTTCACCAT-1","train"
"CAGGGCTTCCTTGTTG-1","test"
"CAGGTCCAGAGGCTAA-1","train"
"CAGGTCCAGGTGTCCA-1","train"
"CAGTACCCAGCCTTGG-1","train"
"CAGTATGGTATTCGCT-1","test"
"CATAACGGTTAATGAC-1","test"
"CATAACGGTTCACCAT-1","train"
"CATAATGTCGACAAAG-1","train"
"CATAGGCGTTAGAGCC-1","train"
"CATCAATCAGGTTATT-1","train"
"CATCACACAGGCTTCG-1","train"
"CATCATGCACGGTTTA-1","train"
"CATCCTCAGCTTAACA-1","train"
"CATCCTCAGTAAGTCC-1","train"
"CATCCTCAGTCATTAG-1","train"
"CATCCTGGTATTGCAG-1","train"
"CATCCTTCAAGATTCT-1","train"
"CATCGCTTCACGTTAA-1","train"
"CATGCAAGTCGCAAAC-1","train"
"CATGCGCAGGGTTATC-1","train"
"CATGCGGGTAGGTTTG-1","train"
"CATGCGGGTGTCCTGC-1","test"
"CATGGATTCGCAAACT-1","test"
"CATTATCTCCTTAAGA-1","train"
"CATTATCTCTAATCCT-1","train"
"CATTATGAGACCATAC-1","train"
"CATTCCTCAAACTAAG-1","train"
"CATTCCTCAAGCTTAT-1","test"
"CATTGTAAGGTGAGAC-1","train"
"CATTGTGCACAAAGAC-1","train"
"CCAAACTAGTAACAGG-1","train"
"CCAACATAGTCAATCA-1","test"
"CCAAGGCTCGAGGTGG-1","test"
"CCAAGGCTCTACCTGC-1","train"
"CCAATATCACAGAACG-1","train"
"CCACAATAGTAACGAG-1","train"
"CCACACAAGATTGAGG-1","test"
"CCACAGGGTACCTTAC-1","test"
"CCACATTGTCTTACTA-1","train"
"CCAGACTCAGGTTAAA-1","test"
"CCAGCTAAGCGGTTAT-1","train"
"CCAGCTAAGGAACCAA-1","test"
"CCAGTTTGTAAGGTCC-1","train"
"CCATAAATCCGGTTGA-1","test"
"CCATAAGGTTGAGCCG-1","train"
"CCATAATCAACACCTA-1","train"
"CCATATTTCATAATCG-1","train"
"CCATCACTCGTTACAA-1","train"
"CCATCATGTACCGAAC-1","test"
"CCATCATGTGCATTTC-1","train"
"CCATTGTGTTCCTGAT-1","train"
"CCCAAATAGTAACGAG-1","test"
"CCCAAATAGTTATGGC-1","train"
"CCCAATTGTTACTAGG-1","train"
"CCCAGTTTCAAGTGTC-1","test"
"CCCGCAACAATCCCTT-1","train"
"CCCGCAACAGGATAAC-1","test"
"CCCGTTGTCACATTGA-1","train"
"CCCGTTGTCGTTTCCA-1","train"
"CCCTAATGTCTTGCTG-1","train"
"CCCTCACCAGTAATAG-1","train"
"CCCTCAGTCAATGACC-1","train"
"CCGACAGGTGATTACG-1","train"
"CCGACAGGTTTGAGGC-1","train"
"CCGATGCAGTAAACCC-1","train"
"CCGATGCAGTAGCCAT-1","train"
"CCGATGCAGTCACCTC-1","train"
"CCGATGCAGTCATTAG-1","test"
"CCGCAAGGTTGTTGTC-1","test"
"CCGCTAAAGCTTAGTA-1","train"
"CCGCTAAAGGACCTGC-1","train"
"CCGCTAAAGTTAGACC-1","train"
"CCGCTAGCAGTTAAAG-1","train"
"CCGGTAGGTGAGGTGA-1","train"
"CCGTTAACAACTAGAA-1","train"
"CCGTTAACAACTGGGA-1","test"
"CCGTTAACAGGCTGTT-1","train"
"CCGTTACTCGTAATCA-1","test"
"CCTAAAGGTATTCGCT-1","train"
"CCTAAATCATTCCTGT-1","train"
"CCTAAGTAGGAAGCTA-1","train"
"CCTAAGTAGGCATTAC-1","test"
"CCTAAGTAGTTATGGC-1","train"
"CCTAATAAGCTTAGTA-1","train"
"CCTAATCGTAATCGTG-1","test"
"CCTAATCGTTGCCTCA-1","train"
"CCTACTGGTTGTTCAC-1","train"
"CCTACTGGTTTGTGGA-1","train"
"CCTACTTCACCAAAGG-1","test"
"CCTAGTTGTTCCATTA-1","test"
"CCTATAGCACAATTAC-1","test"
"CCTATATTCGCTAAGT-1","train"
"CCTATTGTCCCTCACG-1","train"
"CCTATTGTCTATGACA-1","train"
"CCTCAATGTTTGTGGA-1","train"
"CCTCAGTTCATTTGCT-1","train"
"CCTGACTTCCCAGTAG-1","train"
"CCTGCTCCAATGAGGT-1","train"
"CCTGCTCCAGTAATAG-1","test"
"CCTGGATCAGGCAAGC-1","test"
"CCTGGTAAGTTCCTCA-1","train"
"CCTGTAACATAATCAC-1","test"
"CCTGTTGGTGACATAT-1","train"
"CCTTAGTGTCATCCTG-1","train"
"CCTTATGTCAAGCTTA-1","test"
"CCTTCAGGTGCATTTC-1","train"
"CCTTCGTAGGGACTAA-1","train"
"CCTTGCGTCACTAGGT-1","train"
"CCTTGTTCAATTGAGA-1","train"
"CGAACCGGTACGGTAC-1","train"
"CGAAGAATCCAGGAAA-1","test"
"CGAAGCCTCCCGAACA-1","train"
"CGAAGCCTCTCTAGCC-1","test"
"CGAAGCGAGTAGGCGG-1","train"
"CGAAGCGAGTGGACAA-1","test"
"CGAAGGCCAGCACGAA-1","train"
"CGAAGGCCATAGACTT-1","train"
"CGAAGTAAGAGGGACT-1","train"
"CGAATCTAGGAAGCTA-1","train"
"CGAATCTAGTGAGCGG-1","train"
"CGAATCTAGTGCACGC-1","train"
"CGACTAAGTAACCACA-1","train"
"CGACTAAGTTCGGGAT-1","train"
"CGAGCGAAGCGCTAAT-1","train"
"CGAGCGAAGGTTAGCT-1","train"
"CGAGCTGGTTAGACCA-1","train"
"CGAGGAAGTTAATCGG-1","train"
"CGAGGCAAGTCAGTAC-1","test"
"CGAGGTGAGGTTACAC-1","train"
"CGAGGTGAGTAGGATG-1","train"
"CGATGTCCAGTAAAGC-1","train"
"CGATTTGCATCCCGCT-1","train"
"CGCACAATCACAGACT-1","test"
"CGCACACAGTCAATCA-1","train"
"CGCACCACATTGGGAG-1","train"
"CGCATTACATTAAGCT-1","test"
"CGCCAAATCTCGACCT-1","test"
"CGCCACACAAATGCCC-1","train"
"CGCCACACATAAGTTC-1","train"
"CGCGATTCAAAGCGGC-1","train"
"CGCGATTCAATATAGG-1","train"
"CGCGATTCATGGAGGC-1","test"
"CGCTAACCATAATCGT-1","test"
"CGCTAATAGGTCATTA-1","train"
"CGCTACTTCCTTGCGT-1","test"
"CGCTACTTCTAAGGTC-1","train"
"CGCTCAGCACAATTAC-1","train"
"CGCTCCATCATGGCTG-1","train"
"CGCTCCATCGTTCACC-1","test"
"CGCTTAACAGCTTAGC-1","train"
"CGCTTCTAGGCGAATA-1","train"
"CGGAATCGTTGGCCGA-1","train"
"CGGACAACATTTAAGC-1","train"
"CGGAGCAAGAAAGCAT-1","test"
"CGGAGCAAGGCTACAT-1","train"
"CGGAGTCTCAATGAGG-1","train"
"CGGATAAAGTTGGATC-1","test"
"CGGATTAGTATTCGTC-1","train"
"CGGCAATGTAGCCTCC-1","train"
"CGGCCATAGCTGCACA-1","test"
"CGGCCATAGGATAAAC-1","train"
"CGGCTAATCAATGAGG-1","train"
"CGGCTAATCCTAAGGT-1","train"
"CGGCTAATCTTAATGG-1","train"
"CGGCTCACACATAGCC-1","train"
"CGGCTCACAGCTTAAT-1","train"
"CGGCTCACAGGACACA-1","test"
"CGGGACAAGCGCCTTT-1","train"
"CGGGACAAGCGGTTAT-1","train"
"CGGGCTTAGCCGCAGT-1","train"
"CGGGTATGTTAGTGAT-1","train"
"CGGTTGGGTAGACAAA-1","test"
"CGGTTGGGTCATTAGG-1","train"
"CGGTTGGGTTAGGCTA-1","train"
"CGGTTGGGTTGAGGTC-1","train"
"CGTACGGGTTTAACCC-1","train"
"CGTAGCGGTGGACATC-1","train"
"CGTAGCGGTTGTGATG-1","train"
"CGTAGTTAGAAGCTAG-1","train"
"CGTAGTTAGGAGCACG-1","test"
"CGTCATTGTTGTCCAT-1","test"
"CGTGCACAGGGATGAC-1","test"
"CGTGGTTCAGCAAATA-1","train"
"CGTGTGTCACCATATG-1","train"
"CGTTAAATCCCTGTTA-1","train"
"CGTTAAATCTCCATAT-1","test"
"CGTTAACAGCAAGGTA-1","test"
"CGTTAGGTCTTGCTAT-1","train"
"CGTTATTTCCAGGGAG-1","train"
"CGTTGCAAGGAGGGTT-1","train"
"CTAAATGTCCTAGTCC-1","train"
"CTAACCTGTTGGTTAG-1","train"
"CTAAGTCAGCAGCTAT-1","test"
"CTAAGTCAGTCTATGA-1","train"
"CTAATAGTCCCTGGAA-1","train"
"CTACAACAGCTGAGGG-1","train"
"CTACAACAGGATTTGC-1","train"
"CTACCTCAGAAACTGG-1","train"
"CTACTAAAGCAATAGG-1","test"
"CTAGATTCAACACTTG-1","train"
"CTAGCGGGTACCGTAA-1","train"
"CTAGCGGGTGACATAT-1","train"
"CTAGCTGAGCTGTACG-1","test"
"CTAGCTGAGGAGGTTA-1","train"
"CTAGCTGAGTCACTCC-1","train"
"CTAGCTTGTGATCAGC-1","train"
"CTAGTCGAGACACCGC-1","train"
"CTAGTGAGTCTCACTG-1","train"
"CTAGTGAGTTGCACAA-1","test"
"CTAGTGAGTTTAAAGC-1","test"
"CTAGTGAGTTTGAGGC-1","train"
"CTATAACCAATAGCAA-1","train"
"CTATGACAGGCGCTTA-1","train"
"CTATGAGGTCCTAAGA-1","test"
"CTATGATCAGCATGTC-1","test"
"CTATGGCCATTGCGGT-1","test"
"CTATTACTCTGTAATG-1","train"
"CTATTCAGTATACTGG-1","train"
"CTATTCAGTTATCGAG-1","test"
"CTCAATAAGCTTAGCG-1","train"
"CTCACTCAGATGCCTG-1","train"
"CTCACTCAGGACTAAG-1","train"
"CTCAGGATCCCTCAGT-1","train"
"CTCAGGATCTCCATAT-1","train"
"CTCATCATCCAAGTTA-1","train"
"CTCATTGTCCGGTTGA-1","train"
"CTCATTTAGGCGCATC-1","train"
"CTCCAAACACAGGATG-1","train"
"CTCCAAACAGCAACCT-1","test"
"CTCCATCAGGAGTCGG-1","train"
"CTCCATCAGTTTGCGG-1","train"
"CTCCGTCCACAGCCAT-1","train"
"CTCCTAATCCGTGACA-1","test"
"CTCCTCACAACCCTCC-1","train"
"CTCCTCACATAGACCC-1","train"
"CTCCTGAGTAGTTGGC-1","train"
"CTCGACAAGGATCACT-1","train"
"CTCGCTAGTGCGCGTA-1","train"
"CTCTAGCTCCAGGAAA-1","train"
"CTCTCACAGGATAAAC-1","test"
"CTCTCACAGTAGCGCC-1","test"
"CTCTTGATCATGCAAC-1","train"
"CTCTTGATCGCAACAT-1","test"
"CTCTTGATCGCAATCG-1","test"
"CTGAAACTCCTCAGCT-1","train"
"CTGAATATCATAACCA-1","train"
"CTGAATATCCCGCAAA-1","train"
"CTGAATATCCTAAGGT-1","train"
"CTGAATATCGCTTGCT-1","train"
"CTGAATATCGGGACTC-1","train"
"CTGAATATCTTTGACT-1","test"
"CTGACCAAGACAAGTG-1","train"
"CTGACCAAGATGCCTG-1","test"
"CTGCTATGTGCTCCGT-1","train"
"CTGCTATGTTTACGTC-1","test"
"CTGCTATGTTTGTTGC-1","train"
"CTGGCTAAGGGATTAG-1","train"
"CTGGTAAGTTAGCATG-1","train"
"CTGGTAAGTTAGGTGC-1","test"
"CTGGTAAGTTTCGCCA-1","test"
"CTGGTCAAGAGGGACT-1","train"
"CTGGTTTGTAAACAAG-1","test"
"CTGGTTTGTTGGTTAG-1","train"
"CTGTATTTCAAACACC-1","train"
"CTGTGTGAGAGCCGCT-1","train"
"CTGTGTGAGGCCTGGT-1","train"
"CTGTTCATCCTTCTAG-1","test"
"CTGTTCATCGGGACTC-1","test"
"CTGTTGGAGGTAAGCA-1","train"
"CTTAATGAGCTGGAAA-1","train"
"CTTACCGGTGATGATT-1","train"
"CTTACCGGTTCACCAT-1","test"
"CTTACCTCAATTGAGA-1","train"
"CTTACCTCAGCTACGT-1","train"
"CTTACCTCAGTCTAGC-1","train"
"CTTACCTCATCCAGGT-1","train"
"CTTACTAGTCGTAAAT-1","train"
"CTTACTAGTTAAGCCA-1","test"
"CTTAGGAGTAGGATCC-1","train"
"CTTAGGAGTGCGCATG-1","test"
"CTTATTGGTTCAAGCA-1","train"
"CTTCAAGCAGATAGAC-1","test"
"CTTCAATTCGCAACAT-1","train"
"CTTCTAAGTCAGGCAT-1","train"
"CTTGAACAGACTTATG-1","train"
"CTTGAACAGTCACTCC-1","train"
"CTTGAACAGTGGACAA-1","test"
"CTTGCAACAGGCTACT-1","test"
"CTTGCAACAGGTTTGC-1","train"
"CTTGCTCAGGTCCGTA-1","train"
"CTTGCTCAGGTGAGAC-1","test"
"CTTGGACCAACTAGGG-1","train"
"CTTGGACCAATAAGCA-1","test"
"CTTGTTTAGAAAGCAT-1","test"
"CTTGTTTAGGTTACGT-1","test"
"CTTTAGTTCACCAATA-1","train"
"CTTTAGTTCAGAAACG-1","train"
"CTTTAGTTCGTTTCCA-1","train"
"CTTTATCAGGCGTAAA-1","train"
"CTTTATGGTGTAATAC-1","train"
"CTTTGGGAGCTTACTT-1","train"
"CTTTGTCCACAGGAAT-1","train"
"CTTTGTCCACTTGTTC-1","train"
"CTTTGTCCATTGGGAG-1","train"
"GAACCAGCAACAACAA-1","train"
"GAACCAGCACTTAACG-1","train"
"GAACCTTAGCGGCTGT-1","train"
"GAACCTTAGGCAATAG-1","test"
"GAACCTTAGGCTAGAA-1","test"
"GAACCTTAGGTTTGAC-1","train"
"GAACTTATCAAACTCA-1","train"
"GAAGCTAAGGTAACGA-1","train"
"GAAGGCTAGCAAGACA-1","test"
"GAAGTAAGTACTTAGG-1","test"
"GAAGTATAGCAAGGTA-1","train"
"GAAGTATAGCTATTGA-1","train"
"GAAGTCAAGCAAGACA-1","test"
"GAAGTCAAGTTAGTGC-1","train"
"GAATTTGTCCTTAAGA-1","train"
"GAATTTGTCTGGCAAT-1","test"
"GACAATACACTGACCG-1","test"
"GACAATACAGGCATGA-1","test"
"GACATAGAGGAGGTTA-1","train"
"GACCGAACAAGGTATA-1","train"
"GACCGAACAGTACCGT-1","train"
"GACCTAAGTGGTGAGA-1","test"
"GACCTAAGTTGCTGGG-1","train"
"GACCTAGTCCTTCTAG-1","train"
"GACCTGATCAATGTGC-1","train"
"GACCTTTGTACCGGAT-1","test"
"GACCTTTGTATTCGCT-1","train"
"GACGCCTAGTGAAGTG-1","train"
"GACGTAAAGGAACGCG-1","test"
"GACTAATGTTGGTTAG-1","test"
"GACTATTCACACTAAT-1","train"
"GACTATTCAGTTTACG-1","test"
"GACTCACCACGTTACA-1","train"
"GACTTAGGTTGAGGTC-1","test"
"GACTTGGTCCGTTAAA-1","test"
"GACTTGGTCGTGCTAG-1","test"
"GAGAAACGTTCCATTA-1","train"
"GAGAACCAGCAAGGGT-1","test"
"GAGAGGCGTATTCGCT-1","test"
"GAGATAAGTTTCCACG-1","train"
"GAGCAAATCACCAATA-1","test"
"GAGCAAGGTCCTTAGT-1","train"
"GAGCCACTCGGTTTCC-1","test"
"GAGCCTTCATTGCAGC-1","train"
"GAGCGATAGACAGGCG-1","train"
"GAGCGATAGCTGGAAA-1","test"
"GAGCGGTCAAATTCGT-1","train"
"GAGCTAGCATGAAATG-1","train"
"GAGCTAGCATTGTTGG-1","test"
"GAGGACTAGCAAGGAC-1","train"
"GAGGACTAGGACCTCA-1","train"
"GAGGACTAGGTTACAC-1","train"
"GAGGCTTGTGCAATAT-1","train"
"GAGGGAGCAATCTCTC-1","train"
"GAGGGAGCACACCAAC-1","train"
"GAGGTAGGTTCGCTTG-1","train"
"GAGGTTAAGAGAGGAG-1","test"
"GAGTCAAAGTAACCAC-1","train"
"GAGTCAAAGTATCGCG-1","train"
"GAGTCATTCCCTGATC-1","train"
"GAGTCATTCTTTAGGA-1","train"
"GAGTGAGGTGGTTAGC-1","train"
"GAGTGTTTCGTTAACA-1","train"
"GAGTTACTCCACCTTA-1","train"
"GAGTTACTCCCTGTTA-1","train"
"GATAAGCCACCAAAGG-1","train"
"GATAATCGTGCTAGCG-1","train"
"GATAGACCACCAGCAT-1","test"
"GATAGACCACTTAGGC-1","train"
"GATAGACCAGAAACGT-1","test"
"GATCAAGAGTTCCTCA-1","test"
"GATCACTAGTAGGATG-1","train"
"GATCAGGCATGTCAGC-1","test"
"GATCGAGCAATAACGA-1","train"
"GATCGAGCATGTCAAT-1","train"
"GATGACTTCTGTGAGT-1","test"
"GATGCAGCAAACATAG-1","train"
"GATGCAGCAAACCTTG-1","train"
"GATGCTTAGACACCGC-1","train"
"GATGCTTAGAGGAAGG-1","train"
"GATGGACAGTAACTCA-1","train"
"GATGGCTGTAATGACT-1","train"
"GATGGCTGTGCCTCAC-1","train"
"GATTAAGCAGCTTAAT-1","train"
"GATTACTCAACTAACT-1","train"
"GATTAGCTCGAAGTAG-1","test"
"GATTATGTCATGAAGG-1","train"
"GATTATGTCTCACATT-1","train"
"GATTCAATCAGGAACA-1","train"
"GATTCAATCGATTATG-1","train"
"GATTCAGGTAATCGTG-1","train"
"GATTCCTGTTATAGCG-1","train"
"GATTCCTGTTTCGCCA-1","train"
"GATTCGCCAATGAATG-1","test"
"GATTGATGTGCAATGC-1","test"
"GATTGATGTTTGACCT-1","test"
"GATTGCAGTGAGGTAG-1","test"
"GATTTGCAGGATGATG-1","train"
"GATTTGCAGTGTTGTA-1","train"
"GCAAACCGTCCAAATG-1","train"
"GCAAACCGTTACTTCA-1","train"
"GCAAACTTCACGTTAA-1","train"
"GCAACAGCAAAGCTAA-1","test"
"GCAACAGCAATCATGT-1","train"
"GCAAGCCTCCTGAGTG-1","train"
"GCAAGCCTCTTAAGTG-1","test"
"GCAAGTCGTTAAGGCC-1","train"
"GCAATGAAGGCATTGT-1","test"
"GCAATGAAGGTAAGGC-1","train"
"GCAATGTTCACGCCAA-1","train"
"GCACATTAGGCAATAG-1","train"
"GCACGAACAGGATTAA-1","train"
"GCACGCTAGCATTAGC-1","test"
"GCACTAAGTAGGTTAT-1","train"
"GCAGCAACATGTCAAT-1","test"
"GCATATATCCCATAAA-1","test"
"GCATTAGGTAATTAGC-1","test"
"GCCAACATCATAACCA-1","train"
"GCCAACATCGATAACC-1","test"
"GCCAATTAGGCGTAAA-1","train"
"GCCAATTAGGTGTCCA-1","train"
"GCCACTAAGGTTAGCT-1","train"
"GCCACTAAGTGGACAA-1","test"
"GCCAGGAAGCAAGGAC-1","test"
"GCCCAAATCCTTGCGT-1","test"
"GCCCAAATCGTTACTT-1","test"
"GCCCATAAGCCGCTTT-1","train"
"GCCCTCATCCTTGAGG-1","train"
"GCCCTCATCGCGACAC-1","test"
"GCCTAATAGCTGTACG-1","train"
"GCCTCAAAGTGGCGGA-1","test"
"GCCTCGACATGAATCT-1","train"
"GCCTGAGGTCCTTCTC-1","train"
"GCCTGAGGTGAGAAAC-1","test"
"GCCTGTGCAACTGGGA-1","train"
"GCCTGTGCATAGGCGA-1","train"
"GCCTTAACAATTGACT-1","train"
"GCCTTAACAGCAAATA-1","train"
"GCCTTACTCAACAAGG-1","test"
"GCCTTACTCGTGCTTC-1","test"
"GCCTTAGAGTGCTGTG-1","train"
"GCCTTGCGTACGATTG-1","test"
"GCCTTTATCAAACCTA-1","train"
"GCCTTTGGTTAATCGG-1","test"
"GCGAAGTAGCAAGGTA-1","train"
"GCGAGTGAGGTTTGCG-1","train"
"GCGAGTGAGTCTATGA-1","train"
"GCGATTTAGTCCTGAG-1","train"
"GCGCAATGTTTATGGG-1","train"
"GCGCCTTGTTAAATGC-1","train"
"GCGCGATTCCTGGTCT-1","test"
"GCGCTAGGTTACTAGG-1","train"
"GCGCTTAAGGATGATG-1","train"
"GCGTAACGTACGCGCA-1","train"
"GCGTAACGTTACTTCA-1","train"
"GCGTAACGTTAGTTGG-1","train"
"GCGTGCTAGTGGCGGA-1","test"
"GCTAACAGTCTATCGT-1","train"
"GCTAAGAAGACAGGCG-1","train"
"GCTAAGAAGAGCCGGA-1","train"
"GCTAAGAAGGGATTAG-1","train"
"GCTAAGAAGGTAAGGC-1","train"
"GCTAATATCAATGTGC-1","train"
"GCTAATATCTGCAACG-1","test"
"GCTAGCTCACTTAGGC-1","test"
"GCTATAGGTTAACAGT-1","train"
"GCTATTGCAAACTCAT-1","test"
"GCTCACAAGCGCCTTT-1","test"
"GCTCGATCAATCCCTT-1","test"
"GCTCGATCATTTAAGC-1","train"
"GCTCTGGCAGCTACGT-1","train"
"GCTCTGGCATCGCTCC-1","train"
"GCTCTGGCATTAAGTC-1","train"
"GCTCTGTTCATCACTT-1","train"
"GCTCTGTTCGGTCAGC-1","test"
"GCTGACATCAATCTCT-1","test"
"GCTGACCAGGGTTATC-1","test"
"GCTGATCCATGTGGGA-1","train"
"GCTGCAATCACCAATA-1","train"
"GCTGCAATCATTATGG-1","test"
"GCTGCAATCCGCCTCA-1","train"
"GCTGCACAGATGGACA-1","train"
"GCTGCATCATAATCAC-1","train"
"GCTGGATGTTACTAGG-1","test"
"GCTGGATGTTTCGCGC-1","test"
"GCTGGTTCATCTTGAG-1","train"
"GCTGGTTCATTGCGAC-1","train"
"GCTGTGATCCGCAACA-1","train"
"GCTTAAATCATCCACC-1","train"
"GCTTAAATCCAATTAG-1","train"
"GCTTAACAGCGTGCAC-1","train"
"GCTTAGTAGCCGCAGT-1","train"
"GCTTCGCGTCCTTAGT-1","test"
"GCTTGACCAAGTGTTT-1","train"
"GCTTGTTGTTTACCGT-1","train"
"GCTTTACGTGCGCATG-1","test"
"GCTTTACGTTAAGTGT-1","train"
"GCTTTATTCTCCATGC-1","train"
"GCTTTATTCTTACTCG-1","train"
"GCTTTCATCAGGATGA-1","test"
"GCTTTGTGTACCGTAA-1","train"
"GGAAACTCATAAGTCT-1","test"
"GGAACCACATTTAAGC-1","train"
"GGAACGGTCATGCCTC-1","train"
"GGAACGGTCGTTACTT-1","train"
"GGAAGCTAGTCATTTC-1","train"
"GGAAGTATCTTAATGG-1","test"
"GGAATCTTCGGGCCAT-1","test"
"GGACAGCCAACAACAA-1","test"
"GGACCTCAGAGAGGCT-1","train"
"GGACCTCAGGCCTGGT-1","test"
"GGAGCGATCCTCCATA-1","train"
"GGAGCGATCCTGTTCA-1","train"
"GGAGCGATCGATTCTT-1","train"
"GGAGCGATCTTAATGG-1","train"
"GGATAACCACTTCATC-1","test"
"GGATACTTCATGTCAA-1","train"
"GGATGAATCCTAATAG-1","test"
"GGATGTAAGCTTATGA-1","train"
"GGATTATGTTTGCGAA-1","test"
"GGATTTATCCAATAGC-1","train"
"GGCAGGATCACGAATC-1","test"
"GGCCAACTCATTGCGG-1","train"
"GGCCAACTCTTTAAGG-1","train"
"GGCCATCAGGCAAGTA-1","train"
"GGCCTAATCTCAATAG-1","train"
"GGCCTCTGTACCGTTT-1","train"
"GGCCTCTGTCAGTAAT-1","test"
"GGCCTCTGTCATTGTC-1","train"
"GGCCTCTGTTAAGTGT-1","test"
"GGCCTTAAGAAAGGAA-1","train"
"GGCCTTAAGTCATGCG-1","test"
"GGCCTTCGTAGGTTGC-1","test"
"GGCCTTCGTCATTACC-1","train"
"GGCTAGTGTTTACCGT-1","train"
"GGCTGAGAGTCTATGA-1","train"
"GGCTGGTTCAGCACGC-1","train"
"GGCTGGTTCGCGACAC-1","train"
"GGGATTAAGGCTAGAA-1","train"
"GGGCCTAGTGCGCGTA-1","test"
"GGGTCAACAAAGCCTC-1","test"
"GGGTCAACACTAAGTT-1","train"
"GGGTCACTCCCGCATT-1","train"
"GGGTCACTCTTAGGAC-1","test"
"GGGTGAAGTGGACCTG-1","train"
"GGGTGAAGTTCCTGAT-1","train"
"GGGTTATTCCGTTATT-1","train"
"GGTAAACCAGGAACAT-1","train"
"GGTAACTTCTTGCTAT-1","train"
"GGTAAGGGTCCACAAA-1","test"
"GGTAATTGTCCGTAGG-1","train"
"GGTACAAAGCCTGGTA-1","test"
"GGTACAAAGGCCAATT-1","test"
"GGTACTAGTTAAGCTG-1","train"
"GGTACTAGTTGGTGAC-1","train"
"GGTAGGAGTGGACATC-1","train"
"GGTAGGAGTTCCTCCT-1","train"
"GGTATGTTCATTAGCA-1","test"
"GGTATTGGTTACTTGC-1","train"
"GGTATTTCATCAGCAC-1","train"
"GGTCAAGCACCTCGCT-1","train"
"GGTCCATCAATCCTGA-1","train"
"GGTCCTGCACAAAGAC-1","train"
"GGTCCTGCAGGATAAC-1","train"
"GGTCCTGCATGGCCCA-1","train"
"GGTCTTTGTAATCCCT-1","train"
"GGTCTTTGTCAAACTG-1","train"
"GGTGAGCCAGGCTTCG-1","train"
"GGTGATTTCTTAAGTG-1","train"
"GGTGCTTCAAAGGCCA-1","train"
"GGTGCTTCATGTCGCG-1","train"
"GGTGTCCAGGAGGTTA-1","train"
"GGTGTCCAGGCTTAAC-1","train"
"GGTGTCCAGGTCTTGG-1","test"
"GGTGTTGTCAAACCTA-1","train"
"GGTTAATGTGATGATT-1","train"
"GGTTAATGTTCCTCCT-1","test"
"GGTTACCCAGTTTACG-1","train"
"GGTTATATCTATCGCC-1","train"
"GGTTATGGTCATCATC-1","train"
"GGTTCCCGTTTACTTG-1","train"
"GGTTGACGTAGGTTAT-1","test"
"GGTTGCATCAAAGGCA-1","test"
"GGTTGCATCAGCACGC-1","train"
"GGTTGCGGTGTCCTGC-1","train"
"GGTTGCTCATAAACCT-1","train"
"GGTTTAATCGTCATTT-1","train"
"GGTTTCCTCCCTGACT-1","train"
"GGTTTCTGTGCTGGTG-1","train"
"GGTTTGTAGACTCGCA-1","train"
"GTAAAGCCACATAGCC-1","train"
"GTAAAGCCACCTACTT-1","test"
"GTAAGCGCAGGATAAC-1","train"
"GTAAGCTTCTTTAAGG-1","test"
"GTAAGGTCAGGCGATA-1","train"
"GTAATAGCACGGTTTA-1","train"
"GTACCTTGTTTAACGG-1","train"
"GTACTAATCTACCTCA-1","train"
"GTACTTAAGTAACTCA-1","test"
"GTACTTAAGTTTGGGT-1","train"
"GTACTTCGTCCGTAGG-1","train"
"GTACTTCGTTATCCTA-1","train"
"GTAGCCATCGTTAAGC-1","train"
"GTAGGAGGTTAACGGC-1","test"
"GTAGGAGGTTTCAGGA-1","train"
"GTAGGATCACAAAGGT-1","train"
"GTAGGATCACGGTTTA-1","test"
"GTAGTTATCGAGGAAC-1","train"
"GTATCGCCAATTTAGC-1","test"
"GTATCGCCATAAGGAC-1","train"
"GTATGTTCATAAGTCT-1","train"
"GTATTGTCACCCTCAC-1","train"
"GTCAATATCTACCTAT-1","train"
"GTCAGGCTCAGCACGC-1","test"
"GTCATCCTCCGGCTAA-1","test"
"GTCATGAGTCTTTATG-1","train"
"GTCATGAGTGGTTCTT-1","test"
"GTCATGCCAGCCAGAA-1","test"
"GTCCAAGTCATTACTC-1","train"
"GTCCTAGAGCGCCTTT-1","train"
"GTCCTCCCAAATGCCC-1","train"
"GTCCTCCCACCTGCTC-1","train"
"GTCCTCCCAGGAACTG-1","train"
"GTCGAAGCAAATGCCC-1","train"
"GTCGAAGCAATAACGA-1","train"
"GTCGAAGCACTGGCTG-1","test"
"GTCGAAGCATACTCCT-1","train"
"GTCGAGGAGTAAGTGG-1","test"
"GTCTAACAGCAAACCT-1","train"
"GTCTATCGTAAGCTTG-1","test"
"GTCTATCGTCATAACG-1","train"
"GTCTATGCAAACTCAT-1","train"
"GTCTCACTCAAGGACA-1","test"
"GTCTCACTCCAGGAAA-1","train"
"GTCTCACTCGAGCTAT-1","train"
"GTCTTTAGTTAAGTGT-1","train"
"GTGAGCGAGGATTGCT-1","train"
"GTGAGGAGTGCATCGG-1","train"
"GTGAGGAGTTTGGCTT-1","train"
"GTGCACGGTTACTTCA-1","train"
"GTGCACGGTTGGTTGA-1","train"
"GTGCATTAGCTCAATA-1","train"
"GTGCCTTTCAATGTCA-1","test"
"GTGCGCAGTCACAAAT-1","test"
"GTGCGCAGTCCCGAAG-1","train"
"GTGCGGTTCGATTTAG-1","train"
"GTGCGGTTCGCACACA-1","test"
"GTGCGGTTCTATGACA-1","test"
"GTGCTCCGTGGTTATG-1","train"
"GTGCTGGGTCAAGACC-1","train"
"GTGCTGGGTTTGTTGC-1","test"
"GTGCTTCTCCGTGACA-1","train"
"GTGGACACAATTAGCT-1","train"
"GTGGATGCATTAGGTT-1","test"
"GTGTCCAAGCAAGATG-1","train"
"GTGTCCAAGGAGCATA-1","train"
"GTGTGAGCATGAATCT-1","test"
"GTGTGAGCATTGCGAC-1","test"
"GTGTGCGGTTGTTGCT-1","train"
"GTGTGTTAGAGCCGCT-1","train"
"GTGTTACAGGCTCATG-1","test"
"GTGTTCCTCAATACGC-1","train"
"GTGTTCCTCAGGGCCT-1","train"
"GTTAAACGTCACCTAT-1","test"
"GTTAAACGTTGGCGTG-1","train"
"GTTAACCAGCTTAGCG-1","test"
"GTTAACCAGGACTAAG-1","train"
"GTTAATGTCTTCAATC-1","train"
"GTTACAGGTGGAAACG-1","train"
"GTTACCTGTTTCCACG-1","train"
"GTTACGCCAATCCTGA-1","train"
"GTTACGCCACAATGTT-1","train"
"GTTACTAAGCTCGCTT-1","train"
"GTTAGACTCTGGCATG-1","train"
"GTTAGACTCTTGAGGT-1","test"
"GTTCACCTCAGCACCA-1","train"
"GTTCACCTCATTGTCT-1","test"
"GTTCCTTCACAAGCCT-1","train"
"GTTGCCCGTACCGTAA-1","train"
"GTTGCCCGTCATGAGC-1","train"
"GTTGCCCGTTGGATAT-1","train"
"GTTGCGGGTAGCTGCG-1","train"
"GTTGCGGGTGGAAACG-1","train"
"GTTGCGGGTTATGTGG-1","train"
"GTTGTGAGTATTTGGG-1","test"
"GTTGTTGCAGCTACGT-1","train"
"GTTGTTGCATGAATCT-1","train"
"GTTTACCGTTCCTGTG-1","test"
"GTTTAGCAGGTCCACA-1","test"
"GTTTATCTCACAGCCA-1","test"
"GTTTCCTCAGGTTATT-1","test"
"GTTTGTAAGGTATTGC-1","test"
"GTTTGTTTCTTAATGG-1","test"
"TAACAAGCAATAGTCT-1","train"
"TAACCAGGTTACGCAA-1","train"
"TAACCTAAGTGAGCAA-1","train"
"TAAGCTATCAAGCTTA-1","train"
"TAAGCTATCAGCATTA-1","train"
"TAAGCTATCGTTATAG-1","train"
"TAAGCTATCTCACATT-1","train"
"TAAGCTGGTCCAAGAC-1","test"
"TAAGCTGGTTACTTGC-1","test"
"TAAGGACCATCCAGGT-1","train"
"TAAGGCTTCCGTGACA-1","train"
"TAATCACCACAGGAAT-1","train"
"TAATCACCACCTCAGG-1","train"
"TAATCACCAGCACGTT-1","train"
"TAATCCGCAAGCCACT-1","train"
"TAATGCATCGCAATCG-1","train"
"TAATGGACAGGCTAAG-1","train"
"TAATGGTGTTGCATCT-1","test"
"TACAATGTCATCACTT-1","train"
"TACAATGTCGGCCAGT-1","test"
"TACAGCTAGAACAAGT-1","train"
"TACAGGTTCCTTAAGA-1","train"
"TACCAAATCGGCCATA-1","train"
"TACCAAATCTAAATCG-1","train"
"TACCAGGTCTTACTCG-1","test"
"TACCTCATCTTGTCCA-1","train"
"TACCTTTAGCTGGAAA-1","train"
"TACCTTTAGGTTTGAC-1","train"
"TACGCACCACAAACTT-1","test"
"TACTCAAAGGCCATCA-1","train"
"TACTCGCTCGAGGAGT-1","test"
"TACTCGCTCGGTTCCT-1","train"
"TACTGACAGCCAGTAT-1","test"
"TACTGACAGCCTGTGA-1","train"
"TACTGAGGTTGTAAAC-1","train"
"TACTGCACACCCTCAC-1","train"
"TACTGCACATTAAAGG-1","train"
"TACTTCGTCTCACAAA-1","train"
"TAGACCAGTCATTGTC-1","train"
"TAGCAGGCACTTACAG-1","train"
"TAGCCGGGTTACAAAC-1","train"
"TAGCCGGGTTAGTACG-1","train"
"TAGCCTGAGCAACATC-1","test"
"TAGCGCGGTCTAACCT-1","train"
"TAGCGGACAAGTAAGC-1","train"
"TAGCGGACACAGGGAC-1","train"
"TAGCGGACAGGCTAGA-1","train"
"TAGCGGCTCCTAAGAC-1","train"
"TAGCTAATCTCTAGCC-1","train"
"TAGCTAGGTCACAAAT-1","test"
"TAGCTAGGTGATCATG-1","train"
"TAGCTAGGTGGATTAT-1","test"
"TAGCTAGGTTTGGTTC-1","train"
"TAGCTTAAGGAGGGTT-1","train"
"TAGCTTGCAATGCCCG-1","train"
"TAGCTTGCAGTCTAGC-1","test"
"TAGGAGGGTCCAAATG-1","test"
"TAGGAGGGTGCGCGTA-1","test"
"TAGGCTAGTCCTTAGT-1","train"
"TAGGCTGTCCTGATGG-1","train"
"TAGGCTGTCTAAGGAG-1","train"
"TAGGGTTTCCTTTACG-1","test"
"TAGGTTGGTTAATCGG-1","train"
"TAGTAAGCAGCTAATT-1","test"
"TAGTAAGCAGTCTAAT-1","train"
"TAGTAAGCATAAACCT-1","train"
"TAGTCAATCTCCTCAA-1","train"
"TAGTCAATCTGGCATG-1","test"
"TAGTGTGGTAGGATCC-1","train"
"TAGTTGTCAACCGCCA-1","train"
"TATAACCCATTGCGTA-1","test"
"TATAGCCAGTTGTCCC-1","test"
"TATATCCTCACGCCAA-1","train"
"TATCACAAGCTGTAAC-1","test"
"TATCCAGCATTGTGTG-1","train"
"TATCGAGGTCGTTATC-1","train"
"TATCGCACAATAACCT-1","test"
"TATCGCGAGGGTTAGA-1","test"
"TATCGCGAGTAAGTCC-1","train"
"TATCGCGAGTAGCGCC-1","test"
"TATGACATCCCGTTTA-1","test"
"TATGGATGTGGACATC-1","train"
"TATGGATGTTATCGAG-1","train"
"TATGGGCGTAGCCTCC-1","train"
"TATGGTCAGCACGATT-1","train"
"TATGGTCAGTTATCTC-1","test"
"TATGTGATCAGCACGC-1","test"
"TATTACCTCACGTTAA-1","train"
"TATTACCTCGATAACC-1","train"
"TATTAGCCAAGGAATC-1","train"
"TATTAGCCATGAAGTA-1","train"
"TATTAGGTCATTTGCT-1","train"
"TATTGACCAAGATTCT-1","test"
"TATTTGGAGGATCCGC-1","train"
"TCAAACCAGTTAGCTA-1","train"
"TCAACAATCATGAAGG-1","test"
"TCAAGAACACCCTCAC-1","train"
"TCAAGGTTCCTCCTAA-1","train"
"TCAAGGTTCTAAGTGC-1","train"
"TCAAGTATCTCACTAT-1","train"
"TCAATCGCATAAGCAA-1","train"
"TCACCGGCAGAGGCTA-1","train"
"TCACCTGGTGGAGCAA-1","train"
"TCACCTGGTTCCTGAT-1","train"
"TCACGGATCCTCCATA-1","test"
"TCACTGACATCAATCG-1","train"
"TCAGCCTTCCCTCAGT-1","test"
"TCAGCGATCAGGGCCT-1","train"
"TCAGTAATCCTGATTT-1","test"
"TCAGTAGGTGTTGTAG-1","train"
"TCAGTGAGTGCCGCAA-1","test"
"TCAGTGAGTTTAAAGC-1","train"
"TCATAACCATTTGCTC-1","train"
"TCATACTTCTCGCCCA-1","test"
"TCATGTTTCAAACCTA-1","train"
"TCATTACTCAAACACC-1","train"
"TCATTACTCTCAATGA-1","train"
"TCATTTGGTTGCAGTA-1","train"
"TCCAGCAAGGCCTGGT-1","test"
"TCCAGCAAGGGTGAGT-1","train"
"TCCAGGATCATGCTAA-1","train"
"TCCAGGTCAGGACACA-1","test"
"TCCATAAAGCTGAGGG-1","train"
"TCCATATTCGGTCAGC-1","train"
"TCCATGCTCATTAGGC-1","train"
"TCCATTGTCGATAACC-1","train"
"TCCCTGGTCTCGACCT-1","train"
"TCCGCCATCCCGAACA-1","train"
"TCCGGAATCCACAATA-1","train"
"TCCGGAATCCCGAACA-1","train"
"TCCGGAATCCTGAATA-1","train"
"TCCTCACAGACAACAG-1","test"
"TCCTCACAGCACTAGT-1","train"
"TCCTCACAGGCCCAGT-1","train"
"TCCTGTTCACTATGGC-1","test"
"TCCTGTTCATAAGGAC-1","train"
"TCCTTCAAGCTCGCTT-1","train"
"TCCTTCAAGGTCAAAG-1","train"
"TCCTTTACAATTAGCT-1","train"
"TCGATTAAGAGCCGCT-1","test"
"TCGCATTGTTAAATGC-1","test"
"TCGCGAGGTAAGCACC-1","test"
"TCGCGCACAGCATGAG-1","train"
"TCGCTAACAATTGAAG-1","test"
"TCGCTAACACGTTACA-1","train"
"TCGGTAAGTCTAACCT-1","train"
"TCGGTTACACTAGCGT-1","test"
"TCGGTTCTCGAGGAGT-1","test"
"TCGGTTTGTCAGGAAG-1","train"
"TCGGTTTGTTGTCCAT-1","train"
"TCGTAATCAGGGAGGA-1","train"
"TCGTGCTTCTTGAGGT-1","test"
"TCGTTACGTCAGGAAG-1","train"
"TCGTTATTCATTACGA-1","train"
"TCGTTTCCACTAAGAA-1","train"
"TCTAACTTCAGCAAGA-1","test"
"TCTAACTTCTGGCAAT-1","test"
"TCTAAGGGTTAAGGCC-1","test"
"TCTAATCTCTATGACA-1","test"
"TCTACCTCAGCAAGGC-1","train"
"TCTACTAGTGCTCCGT-1","train"
"TCTACTAGTTGAAGCC-1","train"
"TCTAGCACACCAACCG-1","train"
"TCTAGCCTCTGGCATG-1","train"
"TCTATGTTCTAACCTT-1","train"
"TCTCAAGCAAGGAATC-1","train"
"TCTGTGACAATGAATG-1","train"
"TCTTCAAGTTACTAGG-1","train"
"TCTTGTCCAGGACCTT-1","test"
"TGAAACTGTATTGCAG-1","train"
"TGAAACTGTTTGAGGC-1","train"
"TGAACAACACCTCAGG-1","test"
"TGAACAGAGTTAGCTA-1","train"
"TGAAGCAAGCATGTTA-1","test"
"TGAAGGATCCAGGGAG-1","train"
"TGAAGGATCTCCATGC-1","train"
"TGAAGTGAGGCAAGTA-1","train"
"TGACCAAGTACTTAGG-1","train"
"TGACCAAGTGAAACAA-1","test"
"TGACCAAGTTAGGACC-1","train"
"TGACCTTGTAACCAGC-1","train"
"TGACTTCGTGCATTAG-1","train"
"TGACTTCGTTGACTTC-1","test"
"TGAGCACGTCGAAGTC-1","train"
"TGAGGAGGTGCAATAT-1","train"
"TGAGGGAGTCTCAGCC-1","test"
"TGAGGGCCAAATTCGT-1","train"
"TGAGGGCCAAGTCGCT-1","test"
"TGAGGTGCACCTGCCT-1","test"
"TGAGGTGCATGGAGGC-1","test"
"TGATCACAGTGACCTG-1","test"
"TGATCAGGTATGGTGC-1","train"
"TGATCAGGTTTCGCCA-1","train"
"TGATCCTGTTAGACCA-1","train"
"TGATCGAGTGTCCTGC-1","train"
"TGATGACTCATGGCTG-1","test"
"TGATGATGTAACTACG-1","train"
"TGATTAGTCATGGCCA-1","test"
"TGCAAGCGTGATGATT-1","train"
"TGCAAGCGTTGCAATG-1","train"
"TGCAAGCGTTGGTTGA-1","train"
"TGCACCTTCGCTCCAT-1","train"
"TGCACTTGTTCCGGGA-1","train"
"TGCACTTGTTGCAATG-1","train"
"TGCAGGCTCCCGTTGT-1","test"
"TGCAGGCTCTTGTTCG-1","test"
"TGCATTAAGTCATGCG-1","train"
"TGCCATTGTTAGCGTA-1","train"
"TGCGCAGGTGTTCCCA-1","train"
"TGCGCAGGTTTAACGG-1","test"
"TGCGCGAGTAAGCACC-1","test"
"TGCGCGAGTTAGCTGA-1","train"
"TGCTATGCAATATGGA-1","train"
"TGCTCAACACAGAACG-1","train"
"TGCTCACTCAGGCTAT-1","test"
"TGCTCACTCTAACCAA-1","train"
"TGCTTCATCACAGCCA-1","test"
"TGCTTCCAGTAGGATG-1","train"
"TGCTTGCTCACCTGCT-1","train"
"TGCTTGTGTGGGAACA-1","test"
"TGCTTTAGTTCCTGTG-1","test"
"TGGAACAAGGCTTAAC-1","train"
"TGGAACAAGTAAGTCC-1","test"
"TGGAACAAGTCATTAG-1","train"
"TGGACGGAGTAAGTCC-1","train"
"TGGACTAGTCAAACTG-1","train"
"TGGATTCAGGGTCTAT-1","train"
"TGGATTCAGGTACCGC-1","train"
"TGGATTCAGTTATCCT-1","test"
"TGGCCAATCAGCACCA-1","train"
"TGGCGGTTCATTACAG-1","train"
"TGGCGGTTCCCGTTAC-1","train"
"TGGCTAAGTAGCCTCC-1","test"
"TGGCTAAGTGTAATAC-1","test"
"TGGCTAAGTTCACCCA-1","test"
"TGGCTATAGGACCAGG-1","train"
"TGGGCATGTTGTTCAC-1","train"
"TGGGCCTAGTTATGGC-1","train"
"TGGTCATAGGAGCAAC-1","train"
"TGGTGATTCCTGCGAA-1","train"
"TGGTGCATCATGCTAA-1","test"
"TGGTGCATCCTAGTTT-1","test"
"TGGTGCATCCTGAATA-1","train"
"TGGTTAATCAATTACG-1","train"
"TGGTTAATCCCTTGCG-1","train"
"TGGTTCTGTCGCAATA-1","train"
"TGTAACTCACACCAAC-1","train"
"TGTAAGCTCAATGAGG-1","test"
"TGTAAGCTCCCGAACA-1","train"
"TGTAAGTGTCATAACG-1","train"
"TGTAAGTGTTAATGAC-1","train"
"TGTAATGTCATTACAG-1","train"
"TGTAATGTCGTTTCCA-1","train"
"TGTATCGCAGGCTTGT-1","test"
"TGTCAATCAACAACAA-1","test"
"TGTCAATCACCTACTT-1","train"
"TGTCCTTCAGGCGATA-1","test"
"TGTGATCAGTATGTGC-1","test"
"TGTGATCAGTTTCCTG-1","train"
"TGTGCGCAGCTTCCCG-1","train"
"TGTGCGCAGGCAGGTG-1","test"
"TGTGCGCAGGTATTGC-1","train"
"TGTGCTGAGCTGTACG-1","train"
"TGTGCTGAGGAGGTTA-1","test"
"TGTGGAGCAAAGGTAC-1","train"
"TGTGGCCAGCTATTGA-1","test"
"TGTGGCGGTAATAACC-1","train"
"TGTGGCGGTCGTAAAT-1","train"
"TGTGTGAGTAATCCCT-1","test"
"TGTTACTTCATTCATC-1","train"
"TGTTACTTCCGTGACA-1","train"
"TGTTACTTCTGCAAGT-1","train"
"TGTTATGAGTAACCAC-1","test"
"TGTTCATTCCTGGCTT-1","train"
"TGTTGTAAGTGACCTG-1","train"
"TGTTGTGCATAATGTC-1","train"
"TTAAAGGCACATAACT-1","test"
"TTAAGCCAGCTATTAG-1","train"
"TTAAGGACAACTAGGG-1","train"
"TTAAGGTGTCCGTGAG-1","train"
"TTACACCGTACCGTTT-1","train"
"TTACACCGTTTCGCCA-1","test"
"TTACCGTGTGAACAAA-1","test"
"TTACCTGTCTCAATGA-1","test"
"TTACGTTTCGCGCTAA-1","test"
"TTAGAAGCACCTCAGG-1","train"
"TTAGAAGCAGCAATAA-1","train"
"TTAGACTCACTTCACT-1","test"
"TTAGCCTGTTTAACGG-1","train"
"TTAGCTGCAATCATGT-1","train"
"TTAGCTGCATGGTTAT-1","train"
"TTAGGCGTCCGCACAA-1","test"
"TTAGGCGTCCTTAGGG-1","train"
"TTAGTCAAGGTACCGC-1","train"
"TTATAGCCAATTGCGC-1","test"
"TTATCCGTCAATTGGC-1","train"
"TTATCCTAGACCATAC-1","train"
"TTATCCTAGCTATGAC-1","test"
"TTATGACCATGAAGTA-1","test"
"TTATGCGCAGGTTATT-1","test"
"TTCACTGTCGTTTCCA-1","test"
"TTCAGGTAGCTTCTCA-1","train"
"TTCAGGTAGTGGCGGA-1","train"
"TTCAGTTTCCTAAGGT-1","train"
"TTCCCACAGAGGGACT-1","test"
"TTCCCGCCAGCTTAAT-1","train"
"TTCCTCAAGAACCTGT-1","train"
"TTCCTCAAGGCCCAGT-1","train"
"TTCCTCAAGTTCCTCA-1","test"
"TTCCTTCTCATCACTT-1","train"
"TTCGGTACACTTGTTC-1","test"
"TTCGGTACAGTGAACG-1","test"
"TTCGTGCTCCAAATCA-1","train"
"TTCGTGCTCGCTAGCA-1","train"
"TTCGTTAGTGCTTACT-1","train"
"TTCGTTAGTTTGGCGG-1","test"
"TTGCACACATCAGTAT-1","test"
"TTGCATTTCAAAGGCA-1","test"
"TTGCGTCTCAGCAAAG-1","train"
"TTGCGTCTCATGACCG-1","test"
"TTGGAGGCATCCGTAA-1","train"
"TTGGATATCACACAGT-1","train"
"TTGGCGGGTGCAATAT-1","train"
"TTGGCTTGTTTGCGCC-1","train"
"TTGGGTTAGATTGAGG-1","train"
"TTGTCAAAGGATTGAG-1","train"
"TTGTCCATCTCACTCA-1","test"
"TTGTCCCAGTTTGCGG-1","train"
"TTGTCCGGTTGGTGAC-1","train"
"TTGTGAGGTTATCCTA-1","train"
"TTGTGCCTCGATCAGT-1","test"
"TTGTTGCGTTTGCGCC-1","train"
"TTTAACGAGCGTGCGT-1","train"
"TTTACGCGTATTGGTG-1","train"
"TTTAGCTTCGGTACGC-1","train"
"TTTAGCTTCTAAGTCA-1","train"
"TTTAGGATCGCTAAGT-1","train"
"TTTATGGAGTTATGTG-1","train"
"TTTCAGTTCGTTAGTA-1","train"
"TTTCATCAGGCTGTGC-1","train"
"TTTCATCAGGTCCTAG-1","test"
"TTTCATCAGTCACCTC-1","train"
"TTTCCTGAGCAGGCCT-1","train"
"TTTCGTCCACAGGATG-1","test"
"TTTCTCACATAGACTT-1","train"
"TTTCTTGCATCCTAGA-1","train"
"TTTGACTTCAGTATTG-1","test"
"TTTGAGTCATCCGTAA-1","train"
"TTTGCGACATACCCGG-1","train"
"TTTGCGGAGGCGAATA-1","train"
"TTTGCGGAGGTCTTGG-1","train"
"TTTGGTGCAGTAGGAT-1","train"
"TTTGGTGCATCAGTAT-1","train"
"TTTGTGAAGCGTGCGT-1","train"
"TTTGTGGCAAAGCGGC-1","train"
"TTTGTGGCACGAATTT-1","train"
"TTTGTGGCATAAGGAC-1","test"
"TTTGTTGGTTTCAGGA-1","test"
