"cell_id","cell_type"
"AAACATGCAGCCAGAA-1","T_cells"
"AAACATGCAGTTTCTC-1","T_cells"
"AAACCAACAATAACCT-1","T_cells"
"AAACCGCGTAATTAGC-1","Monocyte"
"AAACCGCGTGTTAAAC-1","Monocyte"
"AAACCGCGTTTGTGGA-1","Monocyte"
"AAACCGGCAAAGCTCC-1","Monocyte"
"AAACCGGCACGCAACT-1","Monocyte"
"AAACCGGCAGGAACCA-1","Monocyte"
"AAACCGGCAGGACCTT-1","NK_cell"
"AAACGGATCCCGTTAC-1","T_cells"
"AAACGGATCGCCTAAG-1","T_cells"
"AAAGCAAGTTAGCGTA-1","B_cell"
"AAAGCCCGTCAAGTGC-1","B_cell"
"AAAGCCCGTTAGACCA-1","Monocyte"
"AAAGCCGCAGTCTAGC-1","T_cells"
"AAAGGAGCATTTAAGC-1","T_cells"
"AAAGGTTAGGACCAGG-1","Monocyte"
"AAATGCCTCAGCATTA-1","Monocyte"
"AAATGCCTCTACCTGC-1","B_cell"
"AAATGGCCAAAGGCCA-1","Monocyte"
"AACAAGCCAGGTTTGC-1","B_cell"
"AACAAGCCATGTGGGA-1","T_cells"
"AACAAGCCATTAAAGG-1","Monocyte"
"AACAGCAAGCTATTGA-1","NK_cell"
"AACCCGCAGCAGCTAT-1","T_cells"
"AACCCGCAGCCTAATA-1","Monocyte"
"AACCGGCTCAGCTAAC-1","Monocyte"
"AACCTAATCGTTACAA-1","T_cells"
"AACCTAATCTCACTCA-1","Monocyte"
"AACCTAATCTTGAGCG-1","B_cell"
"AACCTCCTCTACCTAT-1","B_cell"
"AACCTTAAGTTTGAGC-1","T_cells"
"AACCTTGCAGGCGATA-1","Monocyte"
"AACGACAAGGCATGTT-1","T_cells"
"AACGCCCAGTTAGGCT-1","Monocyte"
"AACGCTAGTCACCTAT-1","Monocyte"
"AACGGTAAGGCGGGTA-1","B_cell"
"AACTCACAGGTCATTA-1","Monocyte"
"AACTCACAGTTTGCGG-1","T_cells"
"AAGAACAGTCCTAGTT-1","T_cells"
"AAGAACAGTGCCGCAA-1","Monocyte"
"AAGACAAGTATTTGGG-1","T_cells"
"AAGACATAGGCGGATG-1","Monocyte"
"AAGACCAAGGATCCGC-1","T_cells"
"AAGCCTCCACTCAACA-1","T_cells"
"AAGCCTGTCGGGCCAT-1","T_cells"
"AAGCCTGTCTAGCGTG-1","Monocyte"
"AAGCGAGGTACGGTAC-1","Monocyte"
"AAGCGAGGTTTGGTTC-1","T_cells"
"AAGCGCTGTTTGGCTT-1","T_cells"
"AAGCGGGTCCTGCGAA-1","Monocyte"
"AAGCGTTTCTGTGCCT-1","T_cells"
"AAGCTATGTATTGAGT-1","Monocyte"
"AAGCTATGTTATCCGT-1","Monocyte"
"AAGCTTGGTATCTGGA-1","T_cells"
"AAGGAAGCAATTATGC-1","NK_cell"
"AAGGAAGCATAGTCAT-1","NK_cell"
"AAGGTATAGAGGCTAA-1","Monocyte"
"AAGGTATAGATAACCC-1","Monocyte"
"AAGGTCAAGGAACGGT-1","Monocyte"
"AAGGTCAAGGTACCGC-1","T_cells"
"AAGTAGCCAGGCTTGT-1","Monocyte"
"AAGTCTATCCTAATAG-1","Monocyte"
"AAGTTTGTCCCGTTAC-1","T_cells"
"AATAACCGTCAAACTG-1","T_cells"
"AATAGCTGTCAAAGAA-1","Monocyte"
"AATATCCCATTGTGAT-1","T_cells"
"AATCCCTGTCCACAAA-1","T_cells"
"AATCCCTGTTTCGCCA-1","Monocyte"
"AATCCTAAGCCTAATA-1","Monocyte"
"AATCGCCCAGCTTAGC-1","Monocyte"
"AATGCATGTTCCATTA-1","Monocyte"
"AATGGCGCAACACTTG-1","T_cells"
"AATGTCATCAACAAGG-1","T_cells"
"AATTACCCAGGTTACC-1","Monocyte"
"AATTAGCGTGGACATC-1","B_cell"
"AATTAGCGTGGATGTC-1","Monocyte"
"AATTAGGCATTATGAC-1","Monocyte"
"AATTCGTCAAGATTCT-1","B_cell"
"AATTGACGTCTTGCTG-1","Monocyte"
"AATTGACGTGGATTGC-1","T_cells"
"AATTGCCAGGTCCAAT-1","T_cells"
"AATTGTGTCCCTCTAA-1","Monocyte"
"ACAAAGGTCGCTATAA-1","B_cell"
"ACAAAGGTCGGTTCCT-1","Monocyte"
"ACAACACTCAAGCTTA-1","T_cells"
"ACAACACTCCGTGACA-1","Monocyte"
"ACAACACTCTACCTCA-1","T_cells"
"ACAACAGAGGAAACTG-1","Monocyte"
"ACAACATGTTCAAGCA-1","T_cells"
"ACACAATGTTAAGCGC-1","T_cells"
"ACACGGACATTGTGGC-1","Monocyte"
"ACACTAATCATTCATC-1","B_cell"
"ACACTAATCGGCCATA-1","T_cells"
"ACACTAGGTGTCCAGG-1","Monocyte"
"ACACTTAAGTTGCCTC-1","T_cells"
"ACACTTGCAAACTGCC-1","T_cells"
"ACAGCCGGTACGTTTC-1","T_cells"
"ACAGCCGGTCGTTACT-1","Monocyte"
"ACAGCCGGTTGTAACG-1","T_cells"
"ACAGCGCTCCAAGTTA-1","Monocyte"
"ACAGCGCTCGAAGTGA-1","T_cells"
"ACAGGAATCGAAGTGA-1","T_cells"
"ACAGGCTGTCAAAGAA-1","T_cells"
"ACAGGTAAGGTAGCTT-1","Monocyte"
"ACATCAATCTAACCTT-1","Monocyte"
"ACCAAGCGTCGACTCC-1","B_cell"
"ACCAAGCGTGCAATGC-1","Monocyte"
"ACCACATAGTTAGGCT-1","T_cells"
"ACCAGCTCAGGTATTT-1","Monocyte"
"ACCAGGACAACTAGCC-1","B_cell"
"ACCAGGACACGAATCC-1","T_cells"
"ACCAGGACAGGTTTGC-1","B_cell"
"ACCAGGACATCCATCT-1","B_cell"
"ACCAGGGAGGAACCGG-1","T_cells"
"ACCAGGGAGGTCCACA-1","T_cells"
"ACCATAATCCTAAGGT-1","T_cells"
"ACCCAACCAATCCTGA-1","T_cells"
"ACCCAACCAGTATGTT-1","T_cells"
"ACCCGTAAGGGCTTTG-1","B_cell"
"ACCCTCCCAGGGAGCT-1","T_cells"
"ACCGGCTAGATTCCTT-1","B_cell"
"ACCGGTTCAAGTCGCT-1","T_cells"
"ACCGGTTCAGGAACAT-1","Monocyte"
"ACCGGTTCATAATGAG-1","B_cell"
"ACCTAAATCGCAACAT-1","T_cells"
"ACCTAAGGTACTTCAC-1","B_cell"
"ACCTGGATCAAATCGC-1","T_cells"
"ACCTGGATCCAGGGAG-1","Monocyte"
"ACCTGTTGTTCATTTG-1","Monocyte"
"ACCTGTTGTTCCGGCT-1","Monocyte"
"ACCTTGCTCAGCAAGA-1","NK_cell"
"ACCTTGCTCGTTACAA-1","Monocyte"
"ACCTTGTGTAATAACC-1","B_cell"
"ACGAAGTCAATGAAGC-1","T_cells"
"ACGAATCTCATGCTTT-1","T_cells"
"ACGACAAAGCAATAGG-1","Monocyte"
"ACGACAAAGCACAGCC-1","T_cells"
"ACGACTTAGGCGCACT-1","Monocyte"
"ACGATTCAGATACTTG-1","T_cells"
"ACGATTCAGCTTAGCG-1","T_cells"
"ACGCACGGTCAATGTG-1","NK_cell"
"ACGCCACAGATTCCTT-1","B_cell"
"ACGCCTTTCCTCCATA-1","NK_cell"
"ACGCTTGAGCGCAATT-1","T_cells"
"ACGGGAAGTCCAAGAC-1","T_cells"
"ACGGTTTAGAGCAAGC-1","Monocyte"
"ACGTCAAGTCAATACG-1","Monocyte"
"ACGTCAAGTCGTAATG-1","T_cells"
"ACGTCAAGTTGGGTTA-1","Monocyte"
"ACGTCCAAGAAAGGAA-1","Monocyte"
"ACGTTGTAGCCTGTGA-1","T_cells"
"ACGTTGTAGTTGGGCC-1","Monocyte"
"ACTAAAGCATAAGGAC-1","Monocyte"
"ACTAACCAGGAGTCTT-1","T_cells"
"ACTAACCAGTTCCCAC-1","T_cells"
"ACTAACGGTTGCGCGA-1","T_cells"
"ACTAGGCGTCATCATC-1","T_cells"
"ACTATGTCAGGATAAC-1","T_cells"
"ACTATGTCATGCTATG-1","T_cells"
"ACTCACTGTGCTGTAA-1","B_cell"
"ACTCAGTAGCTTAGCG-1","NK_cell"
"ACTCAGTAGGCTGTGC-1","Monocyte"
"ACTCAGTAGGGACCTC-1","NK_cell"
"ACTCGCGCAATATAGG-1","T_cells"
"ACTGAAACAAACGGGC-1","Monocyte"
"ACTGAAACACCTGCCT-1","Monocyte"
"ACTGAAACATATAACC-1","T_cells"
"ACTGAATGTAACGGGA-1","T_cells"
"ACTTACAAGCCTGTGA-1","T_cells"
"ACTTACTTCAGTGAAG-1","Monocyte"
"ACTTACTTCATTTGTC-1","Monocyte"
"ACTTACTTCGACAAAG-1","B_cell"
"ACTTCGCTCAAACACC-1","T_cells"
"ACTTCGCTCCTCACAC-1","B_cell"
"ACTTGCACATCTAGCA-1","Monocyte"
"ACTTGTAAGTAAAGGT-1","B_cell"
"ACTTGTCGTCACCTAT-1","T_cells"
"AGAAACTAGTAAAGGT-1","Monocyte"
"AGAAAGGCAATTGCGC-1","T_cells"
"AGAAAGGCAGGATAAC-1","Monocyte"
"AGAACAAGTGTTCCCA-1","Monocyte"
"AGAACAAGTTGCTTCG-1","T_cells"
"AGAACAAGTTGGTTGA-1","Monocyte"
"AGAACCAAGCTGCACA-1","Monocyte"
"AGAACCAAGTCCTGAG-1","Monocyte"
"AGAACCGCATGTCAGC-1","B_cell"
"AGAAGGTGTGTTAAAC-1","NK_cell"
"AGAATCTGTGTGTGGT-1","T_cells"
"AGACACGCAATCCCTT-1","B_cell"
"AGACACGCACCTAAGC-1","Monocyte"
"AGACACGCACGTAAGG-1","Monocyte"
"AGAGAGGAGGCACAGG-1","NK_cell"
"AGAGAGGAGTCAATCA-1","NK_cell"
"AGAGGAACAAGCTAAA-1","T_cells"
"AGAGGATGTCACAGCG-1","Monocyte"
"AGATGCTTCTAACCAA-1","T_cells"
"AGCAAATAGGCTTAAC-1","T_cells"
"AGCAACAAGCATCCAG-1","Monocyte"
"AGCAACAAGGGTGAAC-1","T_cells"
"AGCAAGGGTATTCGTC-1","T_cells"
"AGCAATACACCTCAGG-1","T_cells"
"AGCAATACACCTGTAA-1","NK_cell"
"AGCAATTGTTGGTTCT-1","T_cells"
"AGCACTAGTTCAAGCA-1","T_cells"
"AGCACTTAGTCTATGA-1","Monocyte"
"AGCAGGTAGGCGCATC-1","T_cells"
"AGCAGGTAGTAGAGGC-1","T_cells"
"AGCATCCCACATGCTA-1","Monocyte"
"AGCCTAGTCTTGACCC-1","Monocyte"
"AGCGGACCATTCCTGT-1","Monocyte"
"AGCGTGCTCAATGAGG-1","B_cell"
"AGCGTGCTCCATCAGG-1","Monocyte"
"AGCTAAACAGTATGTT-1","T_cells"
"AGCTATATCAATGAGG-1","T_cells"
"AGCTATATCCCGTTAC-1","Monocyte"
"AGCTGCTCAGGTATTT-1","Monocyte"
"AGCTGCTCAGTAATAG-1","B_cell"
"AGCTGCTCAGTTTCTC-1","Monocyte"
"AGCTTAATCAATGTCA-1","Monocyte"
"AGCTTGGTCAGCACGC-1","T_cells"
"AGCTTTAAGCTTATGA-1","T_cells"
"AGGAAACGTCGTTACT-1","Monocyte"
"AGGAAACGTTTGGTTC-1","Monocyte"
"AGGAACGGTAATGGCC-1","Monocyte"
"AGGACTAAGATAGACG-1","Monocyte"
"AGGATATAGTTCCTGC-1","Monocyte"
"AGGATGCAGGATAAAC-1","Monocyte"
"AGGATTGAGTTTCCTG-1","Monocyte"
"AGGCAATCATATAACC-1","Monocyte"
"AGGCAATCATCACAGC-1","T_cells"
"AGGCCCAGTGTTAAAC-1","Monocyte"
"AGGCCCAGTTGGATCA-1","T_cells"
"AGGCGGATCGTTTCCA-1","Monocyte"
"AGGGCTACATTATGAC-1","T_cells"
"AGGGTTGCACGGTTTA-1","Monocyte"
"AGGTACGCAAGTGAAC-1","B_cell"
"AGGTATTGTAGCTAGC-1","T_cells"
"AGGTATTGTCCCGAAG-1","B_cell"
"AGGTCATTCTCACTAT-1","T_cells"
"AGGTCCGGTATTTGCC-1","Monocyte"
"AGGTCTTAGGCATTAC-1","Monocyte"
"AGGTGAGGTACGTTTC-1","Monocyte"
"AGGTGAGGTGCAATGC-1","Monocyte"
"AGGTGAGGTTACTAGG-1","Monocyte"
"AGGTTGCGTTAGCATG-1","T_cells"
"AGTAAACAGGAAGTAT-1","NK_cell"
"AGTAAGTAGGACTTAC-1","Monocyte"
"AGTAAGTAGGGATTAG-1","Monocyte"
"AGTACGCGTCGCAATA-1","T_cells"
"AGTACGCGTTCCGGGA-1","NK_cell"
"AGTCAAGAGCTGTCAG-1","NK_cell"
"AGTCAATGTCGCATAA-1","T_cells"
"AGTCAGGCAACCCTAA-1","Monocyte"
"AGTCAGGCAATTGACT-1","Monocyte"
"AGTCCTTGTAGCCATA-1","B_cell"
"AGTCCTTGTCCTTCAG-1","T_cells"
"AGTCCTTGTTGTGATG-1","Monocyte"
"AGTCTTGCACTAGCGT-1","Monocyte"
"AGTGATGAGCCGCAAC-1","T_cells"
"AGTGATGAGGCTGGCT-1","T_cells"
"AGTGCACGTCATAACG-1","T_cells"
"AGTGCACGTTTGAGGC-1","T_cells"
"AGTGCCGGTCATGCAA-1","B_cell"
"AGTGTTTCATAACGGG-1","T_cells"
"AGTTACATCATGAAGG-1","Monocyte"
"AGTTACTCAAACTAAG-1","T_cells"
"AGTTGCGTCACACAGT-1","Monocyte"
"AGTTGCGTCCACCTGT-1","B_cell"
"AGTTGGCGTCATAAGT-1","T_cells"
"AGTTGGCGTGGAAGGC-1","B_cell"
"AGTTTGATCATGAGCT-1","T_cells"
"AGTTTGATCCCGTTGT-1","T_cells"
"AGTTTGATCTCGACCT-1","T_cells"
"AGTTTGCAGGCGGATG-1","Monocyte"
"ATAACGACAAACATAG-1","T_cells"
"ATAAGTCGTTAACGGC-1","Monocyte"
"ATAAGTCGTTTCCTCC-1","T_cells"
"ATACCTGCAGGGAGGA-1","T_cells"
"ATAGATGCATTAAGTC-1","Monocyte"
"ATATGCTCATAATCCG-1","Monocyte"
"ATATGTCCACAAAGAC-1","Monocyte"
"ATATGTCCATGAATCT-1","Monocyte"
"ATATGTCCATTAGGTT-1","T_cells"
"ATATGTCCATTATGCG-1","T_cells"
"ATCAAGACAATATACC-1","Monocyte"
"ATCAAGACAATCCTGA-1","Monocyte"
"ATCAAGACATAATCAC-1","T_cells"
"ATCAAGCTCATGCGTG-1","Monocyte"
"ATCAAGCTCATGCTAA-1","T_cells"
"ATCAAGCTCCCGAACA-1","T_cells"
"ATCAGGTTCTATCGCC-1","Monocyte"
"ATCATCAAGGAGGCAT-1","T_cells"
"ATCATGTCAGTGAACG-1","T_cells"
"ATCCAACAGCCAGTAT-1","NK_cell"
"ATCCAACAGTTATGGC-1","T_cells"
"ATCCAACAGTTTCCTG-1","Monocyte"
"ATCCACCTCTCACATT-1","Monocyte"
"ATCCACCTCTGCAACG-1","T_cells"
"ATCCCGCGTACGATTG-1","T_cells"
"ATCCGTGAGTCTGGGC-1","Monocyte"
"ATCCTTAGTTTGAGGC-1","T_cells"
"ATCGAGGCAAGCCAGA-1","Monocyte"
"ATCGAGGCAAGCTTTG-1","Monocyte"
"ATCGAGGCACCTCACC-1","Monocyte"
"ATCGAGGCATTAGGTT-1","Monocyte"
"ATCGCTTGTACAATGT-1","B_cell"
"ATCTATGAGGATGATG-1","T_cells"
"ATCTTTGGTTTGTCTA-1","T_cells"
"ATGAATGCACAATGTT-1","T_cells"
"ATGACAACATCGCTCC-1","T_cells"
"ATGACCAGTAACGGGA-1","Monocyte"
"ATGACGAAGTCATGCG-1","Monocyte"
"ATGATGACAATAATCC-1","Monocyte"
"ATGATGGAGGGTCCAC-1","B_cell"
"ATGCGATTCCGCCTCA-1","T_cells"
"ATGGCCCAGCTATGAC-1","B_cell"
"ATGGCTGTCAAACTCA-1","Monocyte"
"ATGGCTTAGGATCCGC-1","B_cell"
"ATGGTGCGTGAGAAAC-1","B_cell"
"ATGGTTATCACTAAGC-1","B_cell"
"ATGTAACGTGCTGGTG-1","Monocyte"
"ATGTAAGCAATCCTAG-1","T_cells"
"ATGTAAGCACGAACAG-1","NK_cell"
"ATGTCAATCGCTATGG-1","Monocyte"
"ATGTCAATCTTTAAGG-1","B_cell"
"ATGTCCACAGGTTCAC-1","T_cells"
"ATGTCCACATTGTCCT-1","T_cells"
"ATGTGAGAGCTTAACA-1","T_cells"
"ATGTTCAAGCCAAATC-1","T_cells"
"ATGTTGTCAAGACTCC-1","T_cells"
"ATGTTGTCAATGAAGC-1","T_cells"
"ATTAACCCATCGCTTT-1","T_cells"
"ATTACCCGTTAACAGT-1","Monocyte"
"ATTACGTCAATGCGCT-1","Monocyte"
"ATTAGCGGTTTGTTGC-1","T_cells"
"ATTAGCTCACAAAGAC-1","NK_cell"
"ATTATCCTCCGGTTAG-1","T_cells"
"ATTATCCTCTTAGTGA-1","Monocyte"
"ATTATGGTCTGTGCAG-1","Monocyte"
"ATTCAACCACCTCGCT-1","T_cells"
"ATTCCGGAGGCTGGCT-1","Monocyte"
"ATTCCTAGTAAAGCAA-1","B_cell"
"ATTCCTAGTCAATGTG-1","Monocyte"
"ATTGAAGCAGGAATCG-1","T_cells"
"ATTGCACAGGCACAGG-1","T_cells"
"ATTGCAGGTAACCAGC-1","Monocyte"
"ATTGCGCCAAGGAATC-1","Monocyte"
"ATTGCGCCATTGTCCT-1","NK_cell"
"ATTGCTCGTTTGCTGT-1","Monocyte"
"ATTGGTTCAATCCCTT-1","Monocyte"
"ATTGGTTCATCCTGAA-1","Monocyte"
"ATTTAGCCACCACAAC-1","B_cell"
"ATTTAGGTCAAAGGCA-1","Monocyte"
"ATTTAGGTCCCTGGAA-1","Monocyte"
"ATTTGCAAGAGCAAGC-1","Monocyte"
"ATTTGCAAGCGTGCGT-1","Monocyte"
"ATTTGCAAGTCTATGA-1","T_cells"
"CAAACACTCAGGGCCT-1","T_cells"
"CAAACTGGTGCTCCAC-1","Monocyte"
"CAAAGCGCATCCATCT-1","Monocyte"
"CAAAGTGAGTTAGACC-1","NK_cell"
"CAACAATGTAGGTTAT-1","T_cells"
"CAACAATGTCCTAGTT-1","T_cells"
"CAACCCGCACGTTACA-1","T_cells"
"CAACTAATCAGCTAAC-1","Monocyte"
"CAACTAATCGCAAACT-1","T_cells"
"CAAGAACCACATAGCC-1","T_cells"
"CAAGAACCATTGCGGT-1","T_cells"
"CAAGGGAGTCATTAGG-1","T_cells"
"CAAGGTTTCATGCTTT-1","NK_cell"
"CAAGTAACATAATCGT-1","Pre-B_cell_CD34-"
"CAAGTGAAGCTCGCTT-1","T_cells"
"CAATAGCTCCTAGTCC-1","T_cells"
"CAATCCTGTGCTAGAC-1","Monocyte"
"CAATCCTGTTTGGCTT-1","Monocyte"
"CAATGAACAAGGACCA-1","Monocyte"
"CAATGACTCTCGCCCA-1","T_cells"
"CAATGCCCAGGTCCTG-1","T_cells"
"CAATGCCCAGTCTATG-1","NK_cell"
"CAATGCCCAGTTGCGT-1","Monocyte"
"CAATGTCAGCTTCCCG-1","Monocyte"
"CACAAGCGTACGATTG-1","Monocyte"
"CACAGGGAGGATGATG-1","Monocyte"
"CACATGCCAAGGTCGA-1","T_cells"
"CACCAACCATTGTGGC-1","T_cells"
"CACCTCAGTAATGGAA-1","Monocyte"
"CACCTCAGTAGCCATA-1","Monocyte"
"CACCTCAGTGCAATAT-1","B_cell"
"CACTAAGGTAACGAGG-1","T_cells"
"CACTGACCAGGACACA-1","T_cells"
"CACTGACCATGCTCCC-1","Monocyte"
"CAGAACCGTACGGGTT-1","T_cells"
"CAGATTCAGACACTTA-1","T_cells"
"CAGATTCAGATGGACA-1","Monocyte"
"CAGATTCAGCTTATGA-1","B_cell"
"CAGCATTAGCAATAGG-1","T_cells"
"CAGCATTAGTAAGGGC-1","T_cells"
"CAGCCTAAGGCTACTG-1","Monocyte"
"CAGCTAAGTTCGGGAT-1","Monocyte"
"CAGCTCAAGCGATACT-1","NK_cell"
"CAGCTCAAGGCGCTAC-1","Monocyte"
"CAGCTCAAGTGATTCA-1","T_cells"
"CAGGAAGGTCCTAATC-1","T_cells"
"CAGGAAGGTGCCGCAA-1","Monocyte"
"CAGGAAGGTTAGAGGG-1","Monocyte"
"CAGGAAGGTTCACCAT-1","NK_cell"
"CAGGGCTTCCTTGTTG-1","T_cells"
"CAGGTCCAGAGGCTAA-1","Monocyte"
"CAGGTCCAGGTGTCCA-1","T_cells"
"CAGTACCCAGCCTTGG-1","Monocyte"
"CAGTATGGTATTCGCT-1","Monocyte"
"CATAACGGTTAATGAC-1","Monocyte"
"CATAACGGTTCACCAT-1","B_cell"
"CATAATGTCGACAAAG-1","Monocyte"
"CATAGGCGTTAGAGCC-1","B_cell"
"CATCAATCAGGTTATT-1","Monocyte"
"CATCACACAGGCTTCG-1","T_cells"
"CATCATGCACGGTTTA-1","T_cells"
"CATCCTCAGCTTAACA-1","Monocyte"
"CATCCTCAGTAAGTCC-1","B_cell"
"CATCCTCAGTCATTAG-1","Monocyte"
"CATCCTGGTATTGCAG-1","T_cells"
"CATCCTTCAAGATTCT-1","T_cells"
"CATCGCTTCACGTTAA-1","T_cells"
"CATGCAAGTCGCAAAC-1","NK_cell"
"CATGCGCAGGGTTATC-1","Monocyte"
"CATGCGGGTAGGTTTG-1","Monocyte"
"CATGCGGGTGTCCTGC-1","Monocyte"
"CATGGATTCGCAAACT-1","Monocyte"
"CATTATCTCCTTAAGA-1","T_cells"
"CATTATCTCTAATCCT-1","Monocyte"
"CATTATGAGACCATAC-1","NK_cell"
"CATTCCTCAAACTAAG-1","B_cell"
"CATTCCTCAAGCTTAT-1","T_cells"
"CATTGTAAGGTGAGAC-1","Monocyte"
"CATTGTGCACAAAGAC-1","Monocyte"
"CCAAACTAGTAACAGG-1","Monocyte"
"CCAACATAGTCAATCA-1","Monocyte"
"CCAAGGCTCGAGGTGG-1","T_cells"
"CCAAGGCTCTACCTGC-1","Monocyte"
"CCAATATCACAGAACG-1","Monocyte"
"CCACAATAGTAACGAG-1","Monocyte"
"CCACACAAGATTGAGG-1","Monocyte"
"CCACAGGGTACCTTAC-1","T_cells"
"CCACATTGTCTTACTA-1","T_cells"
"CCAGACTCAGGTTAAA-1","Monocyte"
"CCAGCTAAGCGGTTAT-1","B_cell"
"CCAGCTAAGGAACCAA-1","Monocyte"
"CCAGTTTGTAAGGTCC-1","HSC_-G-CSF"
"CCATAAATCCGGTTGA-1","Monocyte"
"CCATAAGGTTGAGCCG-1","T_cells"
"CCATAATCAACACCTA-1","T_cells"
"CCATATTTCATAATCG-1","T_cells"
"CCATCACTCGTTACAA-1","T_cells"
"CCATCATGTACCGAAC-1","T_cells"
"CCATCATGTGCATTTC-1","Monocyte"
"CCATTGTGTTCCTGAT-1","Monocyte"
"CCCAAATAGTAACGAG-1","Monocyte"
"CCCAAATAGTTATGGC-1","T_cells"
"CCCAATTGTTACTAGG-1","T_cells"
"CCCAGTTTCAAGTGTC-1","T_cells"
"CCCGCAACAATCCCTT-1","Monocyte"
"CCCGCAACAGGATAAC-1","Monocyte"
"CCCGTTGTCACATTGA-1","T_cells"
"CCCGTTGTCGTTTCCA-1","T_cells"
"CCCTAATGTCTTGCTG-1","T_cells"
"CCCTCACCAGTAATAG-1","T_cells"
"CCCTCAGTCAATGACC-1","T_cells"
"CCGACAGGTGATTACG-1","Monocyte"
"CCGACAGGTTTGAGGC-1","T_cells"
"CCGATGCAGTAAACCC-1","T_cells"
"CCGATGCAGTAGCCAT-1","T_cells"
"CCGATGCAGTCACCTC-1","Monocyte"
"CCGATGCAGTCATTAG-1","Monocyte"
"CCGCAAGGTTGTTGTC-1","T_cells"
"CCGCTAAAGCTTAGTA-1","Monocyte"
"CCGCTAAAGGACCTGC-1","B_cell"
"CCGCTAAAGTTAGACC-1","Monocyte"
"CCGCTAGCAGTTAAAG-1","T_cells"
"CCGGTAGGTGAGGTGA-1","T_cells"
"CCGTTAACAACTAGAA-1","T_cells"
"CCGTTAACAACTGGGA-1","Monocyte"
"CCGTTAACAGGCTGTT-1","T_cells"
"CCGTTACTCGTAATCA-1","T_cells"
"CCTAAAGGTATTCGCT-1","Monocyte"
"CCTAAATCATTCCTGT-1","Monocyte"
"CCTAAGTAGGAAGCTA-1","T_cells"
"CCTAAGTAGGCATTAC-1","NK_cell"
"CCTAAGTAGTTATGGC-1","T_cells"
"CCTAATAAGCTTAGTA-1","Monocyte"
"CCTAATCGTAATCGTG-1","NK_cell"
"CCTAATCGTTGCCTCA-1","T_cells"
"CCTACTGGTTGTTCAC-1","Monocyte"
"CCTACTGGTTTGTGGA-1","Monocyte"
"CCTACTTCACCAAAGG-1","T_cells"
"CCTAGTTGTTCCATTA-1","T_cells"
"CCTATAGCACAATTAC-1","Monocyte"
"CCTATATTCGCTAAGT-1","Monocyte"
"CCTATTGTCCCTCACG-1","T_cells"
"CCTATTGTCTATGACA-1","Monocyte"
"CCTCAATGTTTGTGGA-1","Monocyte"
"CCTCAGTTCATTTGCT-1","T_cells"
"CCTGACTTCCCAGTAG-1","T_cells"
"CCTGCTCCAATGAGGT-1","Monocyte"
"CCTGCTCCAGTAATAG-1","T_cells"
"CCTGGATCAGGCAAGC-1","Monocyte"
"CCTGGTAAGTTCCTCA-1","Monocyte"
"CCTGTAACATAATCAC-1","T_cells"
"CCTGTTGGTGACATAT-1","T_cells"
"CCTTAGTGTCATCCTG-1","NK_cell"
"CCTTATGTCAAGCTTA-1","Monocyte"
"CCTTCAGGTGCATTTC-1","T_cells"
"CCTTCGTAGGGACTAA-1","Monocyte"
"CCTTGCGTCACTAGGT-1","T_cells"
"CCTTGTTCAATTGAGA-1","NK_cell"
"CGAACCGGTACGGTAC-1","T_cells"
"CGAAGAATCCAGGAAA-1","Monocyte"
"CGAAGCCTCCCGAACA-1","T_cells"
"CGAAGCCTCTCTAGCC-1","T_cells"
"CGAAGCGAGTAGGCGG-1","NK_cell"
"CGAAGCGAGTGGACAA-1","Monocyte"
"CGAAGGCCAGCACGAA-1","Monocyte"
"CGAAGGCCATAGACTT-1","NK_cell"
"CGAAGTAAGAGGGACT-1","T_cells"
"CGAATCTAGGAAGCTA-1","Monocyte"
"CGAATCTAGTGAGCGG-1","Monocyte"
"CGAATCTAGTGCACGC-1","Monocyte"
"CGACTAAGTAACCACA-1","Monocyte"
"CGACTAAGTTCGGGAT-1","Monocyte"
"CGAGCGAAGCGCTAAT-1","B_cell"
"CGAGCGAAGGTTAGCT-1","T_cells"
"CGAGCTGGTTAGACCA-1","T_cells"
"CGAGGAAGTTAATCGG-1","T_cells"
"CGAGGCAAGTCAGTAC-1","T_cells"
"CGAGGTGAGGTTACAC-1","Monocyte"
"CGAGGTGAGTAGGATG-1","Monocyte"
"CGATGTCCAGTAAAGC-1","NK_cell"
"CGATTTGCATCCCGCT-1","Monocyte"
"CGCACAATCACAGACT-1","Monocyte"
"CGCACACAGTCAATCA-1","Monocyte"
"CGCACCACATTGGGAG-1","Monocyte"
"CGCATTACATTAAGCT-1","Monocyte"
"CGCCAAATCTCGACCT-1","T_cells"
"CGCCACACAAATGCCC-1","T_cells"
"CGCCACACATAAGTTC-1","B_cell"
"CGCGATTCAAAGCGGC-1","T_cells"
"CGCGATTCAATATAGG-1","Monocyte"
"CGCGATTCATGGAGGC-1","B_cell"
"CGCTAACCATAATCGT-1","B_cell"
"CGCTAATAGGTCATTA-1","Monocyte"
"CGCTACTTCCTTGCGT-1","NK_cell"
"CGCTACTTCTAAGGTC-1","T_cells"
"CGCTCAGCACAATTAC-1","NK_cell"
"CGCTCCATCATGGCTG-1","T_cells"
"CGCTCCATCGTTCACC-1","T_cells"
"CGCTTAACAGCTTAGC-1","T_cells"
"CGCTTCTAGGCGAATA-1","Monocyte"
"CGGAATCGTTGGCCGA-1","NK_cell"
"CGGACAACATTTAAGC-1","T_cells"
"CGGAGCAAGAAAGCAT-1","T_cells"
"CGGAGCAAGGCTACAT-1","T_cells"
"CGGAGTCTCAATGAGG-1","Monocyte"
"CGGATAAAGTTGGATC-1","T_cells"
"CGGATTAGTATTCGTC-1","Monocyte"
"CGGCAATGTAGCCTCC-1","B_cell"
"CGGCCATAGCTGCACA-1","Monocyte"
"CGGCCATAGGATAAAC-1","Monocyte"
"CGGCTAATCAATGAGG-1","T_cells"
"CGGCTAATCCTAAGGT-1","T_cells"
"CGGCTAATCTTAATGG-1","Monocyte"
"CGGCTCACACATAGCC-1","Monocyte"
"CGGCTCACAGCTTAAT-1","Monocyte"
"CGGCTCACAGGACACA-1","B_cell"
"CGGGACAAGCGCCTTT-1","Monocyte"
"CGGGACAAGCGGTTAT-1","T_cells"
"CGGGCTTAGCCGCAGT-1","T_cells"
"CGGGTATGTTAGTGAT-1","T_cells"
"CGGTTGGGTAGACAAA-1","Monocyte"
"CGGTTGGGTCATTAGG-1","Monocyte"
"CGGTTGGGTTAGGCTA-1","T_cells"
"CGGTTGGGTTGAGGTC-1","T_cells"
"CGTACGGGTTTAACCC-1","Monocyte"
"CGTAGCGGTGGACATC-1","Monocyte"
"CGTAGCGGTTGTGATG-1","Monocyte"
"CGTAGTTAGAAGCTAG-1","T_cells"
"CGTAGTTAGGAGCACG-1","T_cells"
"CGTCATTGTTGTCCAT-1","T_cells"
"CGTGCACAGGGATGAC-1","Monocyte"
"CGTGGTTCAGCAAATA-1","Monocyte"
"CGTGTGTCACCATATG-1","Monocyte"
"CGTTAAATCCCTGTTA-1","T_cells"
"CGTTAAATCTCCATAT-1","Monocyte"
"CGTTAACAGCAAGGTA-1","B_cell"
"CGTTAGGTCTTGCTAT-1","Monocyte"
"CGTTATTTCCAGGGAG-1","Monocyte"
"CGTTGCAAGGAGGGTT-1","T_cells"
"CTAAATGTCCTAGTCC-1","B_cell"
"CTAACCTGTTGGTTAG-1","Monocyte"
"CTAAGTCAGCAGCTAT-1","Monocyte"
"CTAAGTCAGTCTATGA-1","HSC_-G-CSF"
"CTAATAGTCCCTGGAA-1","Monocyte"
"CTACAACAGCTGAGGG-1","B_cell"
"CTACAACAGGATTTGC-1","T_cells"
"CTACCTCAGAAACTGG-1","Monocyte"
"CTACTAAAGCAATAGG-1","T_cells"
"CTAGATTCAACACTTG-1","Monocyte"
"CTAGCGGGTACCGTAA-1","Monocyte"
"CTAGCGGGTGACATAT-1","T_cells"
"CTAGCTGAGCTGTACG-1","Monocyte"
"CTAGCTGAGGAGGTTA-1","Monocyte"
"CTAGCTGAGTCACTCC-1","Monocyte"
"CTAGCTTGTGATCAGC-1","Monocyte"
"CTAGTCGAGACACCGC-1","Monocyte"
"CTAGTGAGTCTCACTG-1","Monocyte"
"CTAGTGAGTTGCACAA-1","Monocyte"
"CTAGTGAGTTTAAAGC-1","Monocyte"
"CTAGTGAGTTTGAGGC-1","B_cell"
"CTATAACCAATAGCAA-1","Monocyte"
"CTATGACAGGCGCTTA-1","T_cells"
"CTATGAGGTCCTAAGA-1","T_cells"
"CTATGATCAGCATGTC-1","Monocyte"
"CTATGGCCATTGCGGT-1","B_cell"
"CTATTACTCTGTAATG-1","Monocyte"
"CTATTCAGTATACTGG-1","T_cells"
"CTATTCAGTTATCGAG-1","HSC_-G-CSF"
"CTCAATAAGCTTAGCG-1","T_cells"
"CTCACTCAGATGCCTG-1","NK_cell"
"CTCACTCAGGACTAAG-1","Monocyte"
"CTCAGGATCCCTCAGT-1","Monocyte"
"CTCAGGATCTCCATAT-1","Monocyte"
"CTCATCATCCAAGTTA-1","Monocyte"
"CTCATTGTCCGGTTGA-1","Monocyte"
"CTCATTTAGGCGCATC-1","T_cells"
"CTCCAAACACAGGATG-1","T_cells"
"CTCCAAACAGCAACCT-1","Monocyte"
"CTCCATCAGGAGTCGG-1","T_cells"
"CTCCATCAGTTTGCGG-1","Monocyte"
"CTCCGTCCACAGCCAT-1","T_cells"
"CTCCTAATCCGTGACA-1","T_cells"
"CTCCTCACAACCCTCC-1","NK_cell"
"CTCCTCACATAGACCC-1","B_cell"
"CTCCTGAGTAGTTGGC-1","T_cells"
"CTCGACAAGGATCACT-1","T_cells"
"CTCGCTAGTGCGCGTA-1","T_cells"
"CTCTAGCTCCAGGAAA-1","B_cell"
"CTCTCACAGGATAAAC-1","Monocyte"
"CTCTCACAGTAGCGCC-1","Monocyte"
"CTCTTGATCATGCAAC-1","T_cells"
"CTCTTGATCGCAACAT-1","B_cell"
"CTCTTGATCGCAATCG-1","Monocyte"
"CTGAAACTCCTCAGCT-1","T_cells"
"CTGAATATCATAACCA-1","Monocyte"
"CTGAATATCCCGCAAA-1","T_cells"
"CTGAATATCCTAAGGT-1","T_cells"
"CTGAATATCGCTTGCT-1","Monocyte"
"CTGAATATCGGGACTC-1","T_cells"
"CTGAATATCTTTGACT-1","B_cell"
"CTGACCAAGACAAGTG-1","Monocyte"
"CTGACCAAGATGCCTG-1","Monocyte"
"CTGCTATGTGCTCCGT-1","T_cells"
"CTGCTATGTTTACGTC-1","T_cells"
"CTGCTATGTTTGTTGC-1","Monocyte"
"CTGGCTAAGGGATTAG-1","T_cells"
"CTGGTAAGTTAGCATG-1","Monocyte"
"CTGGTAAGTTAGGTGC-1","NK_cell"
"CTGGTAAGTTTCGCCA-1","Monocyte"
"CTGGTCAAGAGGGACT-1","Monocyte"
"CTGGTTTGTAAACAAG-1","B_cell"
"CTGGTTTGTTGGTTAG-1","Monocyte"
"CTGTATTTCAAACACC-1","T_cells"
"CTGTGTGAGAGCCGCT-1","Monocyte"
"CTGTGTGAGGCCTGGT-1","T_cells"
"CTGTTCATCCTTCTAG-1","Monocyte"
"CTGTTCATCGGGACTC-1","T_cells"
"CTGTTGGAGGTAAGCA-1","Monocyte"
"CTTAATGAGCTGGAAA-1","Monocyte"
"CTTACCGGTGATGATT-1","T_cells"
"CTTACCGGTTCACCAT-1","T_cells"
"CTTACCTCAATTGAGA-1","Monocyte"
"CTTACCTCAGCTACGT-1","T_cells"
"CTTACCTCAGTCTAGC-1","T_cells"
"CTTACCTCATCCAGGT-1","T_cells"
"CTTACTAGTCGTAAAT-1","Monocyte"
"CTTACTAGTTAAGCCA-1","Monocyte"
"CTTAGGAGTAGGATCC-1","Monocyte"
"CTTAGGAGTGCGCATG-1","T_cells"
"CTTATTGGTTCAAGCA-1","NK_cell"
"CTTCAAGCAGATAGAC-1","T_cells"
"CTTCAATTCGCAACAT-1","Monocyte"
"CTTCTAAGTCAGGCAT-1","Monocyte"
"CTTGAACAGACTTATG-1","Monocyte"
"CTTGAACAGTCACTCC-1","Monocyte"
"CTTGAACAGTGGACAA-1","Monocyte"
"CTTGCAACAGGCTACT-1","T_cells"
"CTTGCAACAGGTTTGC-1","B_cell"
"CTTGCTCAGGTCCGTA-1","NK_cell"
"CTTGCTCAGGTGAGAC-1","T_cells"
"CTTGGACCAACTAGGG-1","T_cells"
"CTTGGACCAATAAGCA-1","T_cells"
"CTTGTTTAGAAAGCAT-1","T_cells"
"CTTGTTTAGGTTACGT-1","Monocyte"
"CTTTAGTTCACCAATA-1","T_cells"
"CTTTAGTTCAGAAACG-1","T_cells"
"CTTTAGTTCGTTTCCA-1","Monocyte"
"CTTTATCAGGCGTAAA-1","Monocyte"
"CTTTATGGTGTAATAC-1","Monocyte"
"CTTTGGGAGCTTACTT-1","T_cells"
"CTTTGTCCACAGGAAT-1","Monocyte"
"CTTTGTCCACTTGTTC-1","Monocyte"
"CTTTGTCCATTGGGAG-1","T_cells"
"GAACCAGCAACAACAA-1","Monocyte"
"GAACCAGCACTTAACG-1","NK_cell"
"GAACCTTAGCGGCTGT-1","T_cells"
"GAACCTTAGGCAATAG-1","Monocyte"
"GAACCTTAGGCTAGAA-1","Monocyte"
"GAACCTTAGGTTTGAC-1","Monocyte"
"GAACTTATCAAACTCA-1","T_cells"
"GAAGCTAAGGTAACGA-1","T_cells"
"GAAGGCTAGCAAGACA-1","T_cells"
"GAAGTAAGTACTTAGG-1","T_cells"
"GAAGTATAGCAAGGTA-1","Monocyte"
"GAAGTATAGCTATTGA-1","T_cells"
"GAAGTCAAGCAAGACA-1","Pre-B_cell_CD34-"
"GAAGTCAAGTTAGTGC-1","T_cells"
"GAATTTGTCCTTAAGA-1","T_cells"
"GAATTTGTCTGGCAAT-1","T_cells"
"GACAATACACTGACCG-1","Monocyte"
"GACAATACAGGCATGA-1","B_cell"
"GACATAGAGGAGGTTA-1","Monocyte"
"GACCGAACAAGGTATA-1","T_cells"
"GACCGAACAGTACCGT-1","Monocyte"
"GACCTAAGTGGTGAGA-1","Monocyte"
"GACCTAAGTTGCTGGG-1","Monocyte"
"GACCTAGTCCTTCTAG-1","T_cells"
"GACCTGATCAATGTGC-1","Monocyte"
"GACCTTTGTACCGGAT-1","Monocyte"
"GACCTTTGTATTCGCT-1","T_cells"
"GACGCCTAGTGAAGTG-1","T_cells"
"GACGTAAAGGAACGCG-1","T_cells"
"GACTAATGTTGGTTAG-1","NK_cell"
"GACTATTCACACTAAT-1","Monocyte"
"GACTATTCAGTTTACG-1","Monocyte"
"GACTCACCACGTTACA-1","T_cells"
"GACTTAGGTTGAGGTC-1","Monocyte"
"GACTTGGTCCGTTAAA-1","T_cells"
"GACTTGGTCGTGCTAG-1","Monocyte"
"GAGAAACGTTCCATTA-1","T_cells"
"GAGAACCAGCAAGGGT-1","T_cells"
"GAGAGGCGTATTCGCT-1","T_cells"
"GAGATAAGTTTCCACG-1","Monocyte"
"GAGCAAATCACCAATA-1","Monocyte"
"GAGCAAGGTCCTTAGT-1","Monocyte"
"GAGCCACTCGGTTTCC-1","T_cells"
"GAGCCTTCATTGCAGC-1","Monocyte"
"GAGCGATAGACAGGCG-1","Monocyte"
"GAGCGATAGCTGGAAA-1","Monocyte"
"GAGCGGTCAAATTCGT-1","T_cells"
"GAGCTAGCATGAAATG-1","B_cell"
"GAGCTAGCATTGTTGG-1","T_cells"
"GAGGACTAGCAAGGAC-1","T_cells"
"GAGGACTAGGACCTCA-1","T_cells"
"GAGGACTAGGTTACAC-1","T_cells"
"GAGGCTTGTGCAATAT-1","T_cells"
"GAGGGAGCAATCTCTC-1","T_cells"
"GAGGGAGCACACCAAC-1","B_cell"
"GAGGTAGGTTCGCTTG-1","T_cells"
"GAGGTTAAGAGAGGAG-1","Monocyte"
"GAGTCAAAGTAACCAC-1","Monocyte"
"GAGTCAAAGTATCGCG-1","NK_cell"
"GAGTCATTCCCTGATC-1","Monocyte"
"GAGTCATTCTTTAGGA-1","T_cells"
"GAGTGAGGTGGTTAGC-1","T_cells"
"GAGTGTTTCGTTAACA-1","T_cells"
"GAGTTACTCCACCTTA-1","Monocyte"
"GAGTTACTCCCTGTTA-1","B_cell"
"GATAAGCCACCAAAGG-1","T_cells"
"GATAATCGTGCTAGCG-1","Monocyte"
"GATAGACCACCAGCAT-1","Monocyte"
"GATAGACCACTTAGGC-1","B_cell"
"GATAGACCAGAAACGT-1","T_cells"
"GATCAAGAGTTCCTCA-1","T_cells"
"GATCACTAGTAGGATG-1","T_cells"
"GATCAGGCATGTCAGC-1","T_cells"
"GATCGAGCAATAACGA-1","Monocyte"
"GATCGAGCATGTCAAT-1","Monocyte"
"GATGACTTCTGTGAGT-1","Monocyte"
"GATGCAGCAAACATAG-1","T_cells"
"GATGCAGCAAACCTTG-1","T_cells"
"GATGCTTAGACACCGC-1","Monocyte"
"GATGCTTAGAGGAAGG-1","Monocyte"
"GATGGACAGTAACTCA-1","T_cells"
"GATGGCTGTAATGACT-1","T_cells"
"GATGGCTGTGCCTCAC-1","Monocyte"
"GATTAAGCAGCTTAAT-1","Monocyte"
"GATTACTCAACTAACT-1","T_cells"
"GATTAGCTCGAAGTAG-1","T_cells"
"GATTATGTCATGAAGG-1","T_cells"
"GATTATGTCTCACATT-1","T_cells"
"GATTCAATCAGGAACA-1","NK_cell"
"GATTCAATCGATTATG-1","Monocyte"
"GATTCAGGTAATCGTG-1","Monocyte"
"GATTCCTGTTATAGCG-1","T_cells"
"GATTCCTGTTTCGCCA-1","NK_cell"
"GATTCGCCAATGAATG-1","T_cells"
"GATTGATGTGCAATGC-1","NK_cell"
"GATTGATGTTTGACCT-1","B_cell"
"GATTGCAGTGAGGTAG-1","Monocyte"
"GATTTGCAGGATGATG-1","T_cells"
"GATTTGCAGTGTTGTA-1","B_cell"
"GCAAACCGTCCAAATG-1","T_cells"
"GCAAACCGTTACTTCA-1","Monocyte"
"GCAAACTTCACGTTAA-1","Monocyte"
"GCAACAGCAAAGCTAA-1","B_cell"
"GCAACAGCAATCATGT-1","B_cell"
"GCAAGCCTCCTGAGTG-1","Monocyte"
"GCAAGCCTCTTAAGTG-1","T_cells"
"GCAAGTCGTTAAGGCC-1","Monocyte"
"GCAATGAAGGCATTGT-1","T_cells"
"GCAATGAAGGTAAGGC-1","T_cells"
"GCAATGTTCACGCCAA-1","B_cell"
"GCACATTAGGCAATAG-1","T_cells"
"GCACGAACAGGATTAA-1","Monocyte"
"GCACGCTAGCATTAGC-1","T_cells"
"GCACTAAGTAGGTTAT-1","Monocyte"
"GCAGCAACATGTCAAT-1","T_cells"
"GCATATATCCCATAAA-1","Monocyte"
"GCATTAGGTAATTAGC-1","T_cells"
"GCCAACATCATAACCA-1","T_cells"
"GCCAACATCGATAACC-1","T_cells"
"GCCAATTAGGCGTAAA-1","Pre-B_cell_CD34-"
"GCCAATTAGGTGTCCA-1","T_cells"
"GCCACTAAGGTTAGCT-1","B_cell"
"GCCACTAAGTGGACAA-1","T_cells"
"GCCAGGAAGCAAGGAC-1","Monocyte"
"GCCCAAATCCTTGCGT-1","Monocyte"
"GCCCAAATCGTTACTT-1","NK_cell"
"GCCCATAAGCCGCTTT-1","B_cell"
"GCCCTCATCCTTGAGG-1","T_cells"
"GCCCTCATCGCGACAC-1","T_cells"
"GCCTAATAGCTGTACG-1","T_cells"
"GCCTCAAAGTGGCGGA-1","T_cells"
"GCCTCGACATGAATCT-1","Monocyte"
"GCCTGAGGTCCTTCTC-1","Monocyte"
"GCCTGAGGTGAGAAAC-1","T_cells"
"GCCTGTGCAACTGGGA-1","Monocyte"
"GCCTGTGCATAGGCGA-1","Monocyte"
"GCCTTAACAATTGACT-1","Monocyte"
"GCCTTAACAGCAAATA-1","T_cells"
"GCCTTACTCAACAAGG-1","B_cell"
"GCCTTACTCGTGCTTC-1","T_cells"
"GCCTTAGAGTGCTGTG-1","T_cells"
"GCCTTGCGTACGATTG-1","T_cells"
"GCCTTTATCAAACCTA-1","Monocyte"
"GCCTTTGGTTAATCGG-1","Monocyte"
"GCGAAGTAGCAAGGTA-1","Monocyte"
"GCGAGTGAGGTTTGCG-1","T_cells"
"GCGAGTGAGTCTATGA-1","Monocyte"
"GCGATTTAGTCCTGAG-1","T_cells"
"GCGCAATGTTTATGGG-1","T_cells"
"GCGCCTTGTTAAATGC-1","T_cells"
"GCGCGATTCCTGGTCT-1","T_cells"
"GCGCTAGGTTACTAGG-1","Monocyte"
"GCGCTTAAGGATGATG-1","T_cells"
"GCGTAACGTACGCGCA-1","T_cells"
"GCGTAACGTTACTTCA-1","NK_cell"
"GCGTAACGTTAGTTGG-1","Monocyte"
"GCGTGCTAGTGGCGGA-1","Monocyte"
"GCTAACAGTCTATCGT-1","T_cells"
"GCTAAGAAGACAGGCG-1","B_cell"
"GCTAAGAAGAGCCGGA-1","Monocyte"
"GCTAAGAAGGGATTAG-1","T_cells"
"GCTAAGAAGGTAAGGC-1","NK_cell"
"GCTAATATCAATGTGC-1","Monocyte"
"GCTAATATCTGCAACG-1","B_cell"
"GCTAGCTCACTTAGGC-1","Monocyte"
"GCTATAGGTTAACAGT-1","T_cells"
"GCTATTGCAAACTCAT-1","T_cells"
"GCTCACAAGCGCCTTT-1","T_cells"
"GCTCGATCAATCCCTT-1","Monocyte"
"GCTCGATCATTTAAGC-1","Monocyte"
"GCTCTGGCAGCTACGT-1","Monocyte"
"GCTCTGGCATCGCTCC-1","T_cells"
"GCTCTGGCATTAAGTC-1","T_cells"
"GCTCTGTTCATCACTT-1","T_cells"
"GCTCTGTTCGGTCAGC-1","Monocyte"
"GCTGACATCAATCTCT-1","NK_cell"
"GCTGACCAGGGTTATC-1","T_cells"
"GCTGATCCATGTGGGA-1","Monocyte"
"GCTGCAATCACCAATA-1","Monocyte"
"GCTGCAATCATTATGG-1","T_cells"
"GCTGCAATCCGCCTCA-1","Monocyte"
"GCTGCACAGATGGACA-1","T_cells"
"GCTGCATCATAATCAC-1","NK_cell"
"GCTGGATGTTACTAGG-1","Monocyte"
"GCTGGATGTTTCGCGC-1","Monocyte"
"GCTGGTTCATCTTGAG-1","B_cell"
"GCTGGTTCATTGCGAC-1","B_cell"
"GCTGTGATCCGCAACA-1","B_cell"
"GCTTAAATCATCCACC-1","Monocyte"
"GCTTAAATCCAATTAG-1","T_cells"
"GCTTAACAGCGTGCAC-1","T_cells"
"GCTTAGTAGCCGCAGT-1","Monocyte"
"GCTTCGCGTCCTTAGT-1","Monocyte"
"GCTTGACCAAGTGTTT-1","Monocyte"
"GCTTGTTGTTTACCGT-1","B_cell"
"GCTTTACGTGCGCATG-1","Monocyte"
"GCTTTACGTTAAGTGT-1","T_cells"
"GCTTTATTCTCCATGC-1","Monocyte"
"GCTTTATTCTTACTCG-1","Monocyte"
"GCTTTCATCAGGATGA-1","Monocyte"
"GCTTTGTGTACCGTAA-1","B_cell"
"GGAAACTCATAAGTCT-1","T_cells"
"GGAACCACATTTAAGC-1","T_cells"
"GGAACGGTCATGCCTC-1","Monocyte"
"GGAACGGTCGTTACTT-1","Monocyte"
"GGAAGCTAGTCATTTC-1","T_cells"
"GGAAGTATCTTAATGG-1","T_cells"
"GGAATCTTCGGGCCAT-1","T_cells"
"GGACAGCCAACAACAA-1","T_cells"
"GGACCTCAGAGAGGCT-1","Monocyte"
"GGACCTCAGGCCTGGT-1","B_cell"
"GGAGCGATCCTCCATA-1","Monocyte"
"GGAGCGATCCTGTTCA-1","T_cells"
"GGAGCGATCGATTCTT-1","T_cells"
"GGAGCGATCTTAATGG-1","T_cells"
"GGATAACCACTTCATC-1","Monocyte"
"GGATACTTCATGTCAA-1","T_cells"
"GGATGAATCCTAATAG-1","T_cells"
"GGATGTAAGCTTATGA-1","Monocyte"
"GGATTATGTTTGCGAA-1","T_cells"
"GGATTTATCCAATAGC-1","Monocyte"
"GGCAGGATCACGAATC-1","T_cells"
"GGCCAACTCATTGCGG-1","T_cells"
"GGCCAACTCTTTAAGG-1","Monocyte"
"GGCCATCAGGCAAGTA-1","T_cells"
"GGCCTAATCTCAATAG-1","T_cells"
"GGCCTCTGTACCGTTT-1","Monocyte"
"GGCCTCTGTCAGTAAT-1","Monocyte"
"GGCCTCTGTCATTGTC-1","T_cells"
"GGCCTCTGTTAAGTGT-1","NK_cell"
"GGCCTTAAGAAAGGAA-1","Monocyte"
"GGCCTTAAGTCATGCG-1","Monocyte"
"GGCCTTCGTAGGTTGC-1","Monocyte"
"GGCCTTCGTCATTACC-1","T_cells"
"GGCTAGTGTTTACCGT-1","Monocyte"
"GGCTGAGAGTCTATGA-1","B_cell"
"GGCTGGTTCAGCACGC-1","T_cells"
"GGCTGGTTCGCGACAC-1","Monocyte"
"GGGATTAAGGCTAGAA-1","Monocyte"
"GGGCCTAGTGCGCGTA-1","Monocyte"
"GGGTCAACAAAGCCTC-1","T_cells"
"GGGTCAACACTAAGTT-1","T_cells"
"GGGTCACTCCCGCATT-1","B_cell"
"GGGTCACTCTTAGGAC-1","T_cells"
"GGGTGAAGTGGACCTG-1","B_cell"
"GGGTGAAGTTCCTGAT-1","T_cells"
"GGGTTATTCCGTTATT-1","Monocyte"
"GGTAAACCAGGAACAT-1","T_cells"
"GGTAACTTCTTGCTAT-1","T_cells"
"GGTAAGGGTCCACAAA-1","Monocyte"
"GGTAATTGTCCGTAGG-1","T_cells"
"GGTACAAAGCCTGGTA-1","Monocyte"
"GGTACAAAGGCCAATT-1","Monocyte"
"GGTACTAGTTAAGCTG-1","T_cells"
"GGTACTAGTTGGTGAC-1","T_cells"
"GGTAGGAGTGGACATC-1","Monocyte"
"GGTAGGAGTTCCTCCT-1","B_cell"
"GGTATGTTCATTAGCA-1","Monocyte"
"GGTATTGGTTACTTGC-1","T_cells"
"GGTATTTCATCAGCAC-1","T_cells"
"GGTCAAGCACCTCGCT-1","Monocyte"
"GGTCCATCAATCCTGA-1","T_cells"
"GGTCCTGCACAAAGAC-1","Monocyte"
"GGTCCTGCAGGATAAC-1","T_cells"
"GGTCCTGCATGGCCCA-1","T_cells"
"GGTCTTTGTAATCCCT-1","NK_cell"
"GGTCTTTGTCAAACTG-1","T_cells"
"GGTGAGCCAGGCTTCG-1","T_cells"
"GGTGATTTCTTAAGTG-1","T_cells"
"GGTGCTTCAAAGGCCA-1","T_cells"
"GGTGCTTCATGTCGCG-1","NK_cell"
"GGTGTCCAGGAGGTTA-1","T_cells"
"GGTGTCCAGGCTTAAC-1","B_cell"
"GGTGTCCAGGTCTTGG-1","T_cells"
"GGTGTTGTCAAACCTA-1","T_cells"
"GGTTAATGTGATGATT-1","Monocyte"
"GGTTAATGTTCCTCCT-1","Monocyte"
"GGTTACCCAGTTTACG-1","T_cells"
"GGTTATATCTATCGCC-1","Monocyte"
"GGTTATGGTCATCATC-1","Monocyte"
"GGTTCCCGTTTACTTG-1","Monocyte"
"GGTTGACGTAGGTTAT-1","Monocyte"
"GGTTGCATCAAAGGCA-1","Monocyte"
"GGTTGCATCAGCACGC-1","T_cells"
"GGTTGCGGTGTCCTGC-1","Monocyte"
"GGTTGCTCATAAACCT-1","T_cells"
"GGTTTAATCGTCATTT-1","T_cells"
"GGTTTCCTCCCTGACT-1","Monocyte"
"GGTTTCTGTGCTGGTG-1","Monocyte"
"GGTTTGTAGACTCGCA-1","Monocyte"
"GTAAAGCCACATAGCC-1","Monocyte"
"GTAAAGCCACCTACTT-1","T_cells"
"GTAAGCGCAGGATAAC-1","B_cell"
"GTAAGCTTCTTTAAGG-1","Monocyte"
"GTAAGGTCAGGCGATA-1","Monocyte"
"GTAATAGCACGGTTTA-1","T_cells"
"GTACCTTGTTTAACGG-1","B_cell"
"GTACTAATCTACCTCA-1","T_cells"
"GTACTTAAGTAACTCA-1","T_cells"
"GTACTTAAGTTTGGGT-1","Monocyte"
"GTACTTCGTCCGTAGG-1","Monocyte"
"GTACTTCGTTATCCTA-1","B_cell"
"GTAGCCATCGTTAAGC-1","Monocyte"
"GTAGGAGGTTAACGGC-1","T_cells"
"GTAGGAGGTTTCAGGA-1","NK_cell"
"GTAGGATCACAAAGGT-1","Monocyte"
"GTAGGATCACGGTTTA-1","Monocyte"
"GTAGTTATCGAGGAAC-1","NK_cell"
"GTATCGCCAATTTAGC-1","B_cell"
"GTATCGCCATAAGGAC-1","Monocyte"
"GTATGTTCATAAGTCT-1","T_cells"
"GTATTGTCACCCTCAC-1","Monocyte"
"GTCAATATCTACCTAT-1","Monocyte"
"GTCAGGCTCAGCACGC-1","Monocyte"
"GTCATCCTCCGGCTAA-1","Monocyte"
"GTCATGAGTCTTTATG-1","NK_cell"
"GTCATGAGTGGTTCTT-1","Monocyte"
"GTCATGCCAGCCAGAA-1","B_cell"
"GTCCAAGTCATTACTC-1","NK_cell"
"GTCCTAGAGCGCCTTT-1","NK_cell"
"GTCCTCCCAAATGCCC-1","T_cells"
"GTCCTCCCACCTGCTC-1","T_cells"
"GTCCTCCCAGGAACTG-1","Monocyte"
"GTCGAAGCAAATGCCC-1","T_cells"
"GTCGAAGCAATAACGA-1","B_cell"
"GTCGAAGCACTGGCTG-1","T_cells"
"GTCGAAGCATACTCCT-1","Monocyte"
"GTCGAGGAGTAAGTGG-1","Monocyte"
"GTCTAACAGCAAACCT-1","Monocyte"
"GTCTATCGTAAGCTTG-1","T_cells"
"GTCTATCGTCATAACG-1","Monocyte"
"GTCTATGCAAACTCAT-1","Monocyte"
"GTCTCACTCAAGGACA-1","T_cells"
"GTCTCACTCCAGGAAA-1","T_cells"
"GTCTCACTCGAGCTAT-1","B_cell"
"GTCTTTAGTTAAGTGT-1","T_cells"
"GTGAGCGAGGATTGCT-1","Monocyte"
"GTGAGGAGTGCATCGG-1","Monocyte"
"GTGAGGAGTTTGGCTT-1","T_cells"
"GTGCACGGTTACTTCA-1","T_cells"
"GTGCACGGTTGGTTGA-1","B_cell"
"GTGCATTAGCTCAATA-1","T_cells"
"GTGCCTTTCAATGTCA-1","T_cells"
"GTGCGCAGTCACAAAT-1","T_cells"
"GTGCGCAGTCCCGAAG-1","Monocyte"
"GTGCGGTTCGATTTAG-1","B_cell"
"GTGCGGTTCGCACACA-1","T_cells"
"GTGCGGTTCTATGACA-1","T_cells"
"GTGCTCCGTGGTTATG-1","T_cells"
"GTGCTGGGTCAAGACC-1","T_cells"
"GTGCTGGGTTTGTTGC-1","Monocyte"
"GTGCTTCTCCGTGACA-1","T_cells"
"GTGGACACAATTAGCT-1","Monocyte"
"GTGGATGCATTAGGTT-1","T_cells"
"GTGTCCAAGCAAGATG-1","Monocyte"
"GTGTCCAAGGAGCATA-1","Monocyte"
"GTGTGAGCATGAATCT-1","T_cells"
"GTGTGAGCATTGCGAC-1","Monocyte"
"GTGTGCGGTTGTTGCT-1","Monocyte"
"GTGTGTTAGAGCCGCT-1","T_cells"
"GTGTTACAGGCTCATG-1","T_cells"
"GTGTTCCTCAATACGC-1","T_cells"
"GTGTTCCTCAGGGCCT-1","B_cell"
"GTTAAACGTCACCTAT-1","Monocyte"
"GTTAAACGTTGGCGTG-1","Monocyte"
"GTTAACCAGCTTAGCG-1","Monocyte"
"GTTAACCAGGACTAAG-1","B_cell"
"GTTAATGTCTTCAATC-1","T_cells"
"GTTACAGGTGGAAACG-1","Monocyte"
"GTTACCTGTTTCCACG-1","T_cells"
"GTTACGCCAATCCTGA-1","Monocyte"
"GTTACGCCACAATGTT-1","T_cells"
"GTTACTAAGCTCGCTT-1","Monocyte"
"GTTAGACTCTGGCATG-1","T_cells"
"GTTAGACTCTTGAGGT-1","NK_cell"
"GTTCACCTCAGCACCA-1","T_cells"
"GTTCACCTCATTGTCT-1","Monocyte"
"GTTCCTTCACAAGCCT-1","Monocyte"
"GTTGCCCGTACCGTAA-1","NK_cell"
"GTTGCCCGTCATGAGC-1","T_cells"
"GTTGCCCGTTGGATAT-1","T_cells"
"GTTGCGGGTAGCTGCG-1","T_cells"
"GTTGCGGGTGGAAACG-1","Monocyte"
"GTTGCGGGTTATGTGG-1","T_cells"
"GTTGTGAGTATTTGGG-1","T_cells"
"GTTGTTGCAGCTACGT-1","Monocyte"
"GTTGTTGCATGAATCT-1","Monocyte"
"GTTTACCGTTCCTGTG-1","Monocyte"
"GTTTAGCAGGTCCACA-1","T_cells"
"GTTTATCTCACAGCCA-1","T_cells"
"GTTTCCTCAGGTTATT-1","B_cell"
"GTTTGTAAGGTATTGC-1","Monocyte"
"GTTTGTTTCTTAATGG-1","Monocyte"
"TAACAAGCAATAGTCT-1","T_cells"
"TAACCAGGTTACGCAA-1","Monocyte"
"TAACCTAAGTGAGCAA-1","NK_cell"
"TAAGCTATCAAGCTTA-1","B_cell"
"TAAGCTATCAGCATTA-1","B_cell"
"TAAGCTATCGTTATAG-1","Monocyte"
"TAAGCTATCTCACATT-1","T_cells"
"TAAGCTGGTCCAAGAC-1","Monocyte"
"TAAGCTGGTTACTTGC-1","Monocyte"
"TAAGGACCATCCAGGT-1","Monocyte"
"TAAGGCTTCCGTGACA-1","Monocyte"
"TAATCACCACAGGAAT-1","T_cells"
"TAATCACCACCTCAGG-1","T_cells"
"TAATCACCAGCACGTT-1","NK_cell"
"TAATCCGCAAGCCACT-1","Monocyte"
"TAATGCATCGCAATCG-1","Monocyte"
"TAATGGACAGGCTAAG-1","Monocyte"
"TAATGGTGTTGCATCT-1","Monocyte"
"TACAATGTCATCACTT-1","T_cells"
"TACAATGTCGGCCAGT-1","T_cells"
"TACAGCTAGAACAAGT-1","T_cells"
"TACAGGTTCCTTAAGA-1","T_cells"
"TACCAAATCGGCCATA-1","Pre-B_cell_CD34-"
"TACCAAATCTAAATCG-1","Monocyte"
"TACCAGGTCTTACTCG-1","T_cells"
"TACCTCATCTTGTCCA-1","T_cells"
"TACCTTTAGCTGGAAA-1","B_cell"
"TACCTTTAGGTTTGAC-1","Monocyte"
"TACGCACCACAAACTT-1","Monocyte"
"TACTCAAAGGCCATCA-1","T_cells"
"TACTCGCTCGAGGAGT-1","T_cells"
"TACTCGCTCGGTTCCT-1","NK_cell"
"TACTGACAGCCAGTAT-1","T_cells"
"TACTGACAGCCTGTGA-1","Monocyte"
"TACTGAGGTTGTAAAC-1","B_cell"
"TACTGCACACCCTCAC-1","T_cells"
"TACTGCACATTAAAGG-1","Monocyte"
"TACTTCGTCTCACAAA-1","T_cells"
"TAGACCAGTCATTGTC-1","Monocyte"
"TAGCAGGCACTTACAG-1","T_cells"
"TAGCCGGGTTACAAAC-1","T_cells"
"TAGCCGGGTTAGTACG-1","T_cells"
"TAGCCTGAGCAACATC-1","B_cell"
"TAGCGCGGTCTAACCT-1","Monocyte"
"TAGCGGACAAGTAAGC-1","T_cells"
"TAGCGGACACAGGGAC-1","T_cells"
"TAGCGGACAGGCTAGA-1","Monocyte"
"TAGCGGCTCCTAAGAC-1","Monocyte"
"TAGCTAATCTCTAGCC-1","T_cells"
"TAGCTAGGTCACAAAT-1","T_cells"
"TAGCTAGGTGATCATG-1","T_cells"
"TAGCTAGGTGGATTAT-1","T_cells"
"TAGCTAGGTTTGGTTC-1","Monocyte"
"TAGCTTAAGGAGGGTT-1","Monocyte"
"TAGCTTGCAATGCCCG-1","Monocyte"
"TAGCTTGCAGTCTAGC-1","T_cells"
"TAGGAGGGTCCAAATG-1","NK_cell"
"TAGGAGGGTGCGCGTA-1","T_cells"
"TAGGCTAGTCCTTAGT-1","T_cells"
"TAGGCTGTCCTGATGG-1","Monocyte"
"TAGGCTGTCTAAGGAG-1","Monocyte"
"TAGGGTTTCCTTTACG-1","Monocyte"
"TAGGTTGGTTAATCGG-1","Monocyte"
"TAGTAAGCAGCTAATT-1","T_cells"
"TAGTAAGCAGTCTAAT-1","Monocyte"
"TAGTAAGCATAAACCT-1","T_cells"
"TAGTCAATCTCCTCAA-1","T_cells"
"TAGTCAATCTGGCATG-1","Monocyte"
"TAGTGTGGTAGGATCC-1","T_cells"
"TAGTTGTCAACCGCCA-1","T_cells"
"TATAACCCATTGCGTA-1","Monocyte"
"TATAGCCAGTTGTCCC-1","NK_cell"
"TATATCCTCACGCCAA-1","Monocyte"
"TATCACAAGCTGTAAC-1","T_cells"
"TATCCAGCATTGTGTG-1","Monocyte"
"TATCGAGGTCGTTATC-1","Monocyte"
"TATCGCACAATAACCT-1","Monocyte"
"TATCGCGAGGGTTAGA-1","T_cells"
"TATCGCGAGTAAGTCC-1","Monocyte"
"TATCGCGAGTAGCGCC-1","T_cells"
"TATGACATCCCGTTTA-1","T_cells"
"TATGGATGTGGACATC-1","T_cells"
"TATGGATGTTATCGAG-1","T_cells"
"TATGGGCGTAGCCTCC-1","T_cells"
"TATGGTCAGCACGATT-1","Monocyte"
"TATGGTCAGTTATCTC-1","B_cell"
"TATGTGATCAGCACGC-1","Monocyte"
"TATTACCTCACGTTAA-1","Monocyte"
"TATTACCTCGATAACC-1","B_cell"
"TATTAGCCAAGGAATC-1","T_cells"
"TATTAGCCATGAAGTA-1","T_cells"
"TATTAGGTCATTTGCT-1","Monocyte"
"TATTGACCAAGATTCT-1","T_cells"
"TATTTGGAGGATCCGC-1","Monocyte"
"TCAAACCAGTTAGCTA-1","Monocyte"
"TCAACAATCATGAAGG-1","Monocyte"
"TCAAGAACACCCTCAC-1","Monocyte"
"TCAAGGTTCCTCCTAA-1","Monocyte"
"TCAAGGTTCTAAGTGC-1","T_cells"
"TCAAGTATCTCACTAT-1","T_cells"
"TCAATCGCATAAGCAA-1","T_cells"
"TCACCGGCAGAGGCTA-1","Monocyte"
"TCACCTGGTGGAGCAA-1","Monocyte"
"TCACCTGGTTCCTGAT-1","T_cells"
"TCACGGATCCTCCATA-1","T_cells"
"TCACTGACATCAATCG-1","Monocyte"
"TCAGCCTTCCCTCAGT-1","Pre-B_cell_CD34-"
"TCAGCGATCAGGGCCT-1","Monocyte"
"TCAGTAATCCTGATTT-1","T_cells"
"TCAGTAGGTGTTGTAG-1","B_cell"
"TCAGTGAGTGCCGCAA-1","B_cell"
"TCAGTGAGTTTAAAGC-1","T_cells"
"TCATAACCATTTGCTC-1","Monocyte"
"TCATACTTCTCGCCCA-1","T_cells"
"TCATGTTTCAAACCTA-1","T_cells"
"TCATTACTCAAACACC-1","T_cells"
"TCATTACTCTCAATGA-1","T_cells"
"TCATTTGGTTGCAGTA-1","Monocyte"
"TCCAGCAAGGCCTGGT-1","NK_cell"
"TCCAGCAAGGGTGAGT-1","Monocyte"
"TCCAGGATCATGCTAA-1","T_cells"
"TCCAGGTCAGGACACA-1","T_cells"
"TCCATAAAGCTGAGGG-1","Monocyte"
"TCCATATTCGGTCAGC-1","Monocyte"
"TCCATGCTCATTAGGC-1","NK_cell"
"TCCATTGTCGATAACC-1","T_cells"
"TCCCTGGTCTCGACCT-1","T_cells"
"TCCGCCATCCCGAACA-1","T_cells"
"TCCGGAATCCACAATA-1","Monocyte"
"TCCGGAATCCCGAACA-1","Monocyte"
"TCCGGAATCCTGAATA-1","T_cells"
"TCCTCACAGACAACAG-1","Monocyte"
"TCCTCACAGCACTAGT-1","Monocyte"
"TCCTCACAGGCCCAGT-1","B_cell"
"TCCTGTTCACTATGGC-1","Monocyte"
"TCCTGTTCATAAGGAC-1","T_cells"
"TCCTTCAAGCTCGCTT-1","Monocyte"
"TCCTTCAAGGTCAAAG-1","T_cells"
"TCCTTTACAATTAGCT-1","Monocyte"
"TCGATTAAGAGCCGCT-1","T_cells"
"TCGCATTGTTAAATGC-1","B_cell"
"TCGCGAGGTAAGCACC-1","Monocyte"
"TCGCGCACAGCATGAG-1","Monocyte"
"TCGCTAACAATTGAAG-1","Monocyte"
"TCGCTAACACGTTACA-1","Monocyte"
"TCGGTAAGTCTAACCT-1","T_cells"
"TCGGTTACACTAGCGT-1","T_cells"
"TCGGTTCTCGAGGAGT-1","Monocyte"
"TCGGTTTGTCAGGAAG-1","B_cell"
"TCGGTTTGTTGTCCAT-1","T_cells"
"TCGTAATCAGGGAGGA-1","T_cells"
"TCGTGCTTCTTGAGGT-1","T_cells"
"TCGTTACGTCAGGAAG-1","T_cells"
"TCGTTATTCATTACGA-1","Monocyte"
"TCGTTTCCACTAAGAA-1","Monocyte"
"TCTAACTTCAGCAAGA-1","Monocyte"
"TCTAACTTCTGGCAAT-1","Monocyte"
"TCTAAGGGTTAAGGCC-1","Monocyte"
"TCTAATCTCTATGACA-1","T_cells"
"TCTACCTCAGCAAGGC-1","Monocyte"
"TCTACTAGTGCTCCGT-1","Monocyte"
"TCTACTAGTTGAAGCC-1","T_cells"
"TCTAGCACACCAACCG-1","T_cells"
"TCTAGCCTCTGGCATG-1","T_cells"
"TCTATGTTCTAACCTT-1","T_cells"
"TCTCAAGCAAGGAATC-1","B_cell"
"TCTGTGACAATGAATG-1","NK_cell"
"TCTTCAAGTTACTAGG-1","Monocyte"
"TCTTGTCCAGGACCTT-1","T_cells"
"TGAAACTGTATTGCAG-1","Monocyte"
"TGAAACTGTTTGAGGC-1","Monocyte"
"TGAACAACACCTCAGG-1","T_cells"
"TGAACAGAGTTAGCTA-1","Monocyte"
"TGAAGCAAGCATGTTA-1","B_cell"
"TGAAGGATCCAGGGAG-1","Monocyte"
"TGAAGGATCTCCATGC-1","Monocyte"
"TGAAGTGAGGCAAGTA-1","T_cells"
"TGACCAAGTACTTAGG-1","B_cell"
"TGACCAAGTGAAACAA-1","T_cells"
"TGACCAAGTTAGGACC-1","T_cells"
"TGACCTTGTAACCAGC-1","B_cell"
"TGACTTCGTGCATTAG-1","T_cells"
"TGACTTCGTTGACTTC-1","B_cell"
"TGAGCACGTCGAAGTC-1","Monocyte"
"TGAGGAGGTGCAATAT-1","Monocyte"
"TGAGGGAGTCTCAGCC-1","B_cell"
"TGAGGGCCAAATTCGT-1","Monocyte"
"TGAGGGCCAAGTCGCT-1","T_cells"
"TGAGGTGCACCTGCCT-1","T_cells"
"TGAGGTGCATGGAGGC-1","Monocyte"
"TGATCACAGTGACCTG-1","T_cells"
"TGATCAGGTATGGTGC-1","T_cells"
"TGATCAGGTTTCGCCA-1","T_cells"
"TGATCCTGTTAGACCA-1","B_cell"
"TGATCGAGTGTCCTGC-1","T_cells"
"TGATGACTCATGGCTG-1","T_cells"
"TGATGATGTAACTACG-1","T_cells"
"TGATTAGTCATGGCCA-1","Monocyte"
"TGCAAGCGTGATGATT-1","T_cells"
"TGCAAGCGTTGCAATG-1","Monocyte"
"TGCAAGCGTTGGTTGA-1","T_cells"
"TGCACCTTCGCTCCAT-1","T_cells"
"TGCACTTGTTCCGGGA-1","Monocyte"
"TGCACTTGTTGCAATG-1","Monocyte"
"TGCAGGCTCCCGTTGT-1","Monocyte"
"TGCAGGCTCTTGTTCG-1","Monocyte"
"TGCATTAAGTCATGCG-1","Monocyte"
"TGCCATTGTTAGCGTA-1","Monocyte"
"TGCGCAGGTGTTCCCA-1","NK_cell"
"TGCGCAGGTTTAACGG-1","Monocyte"
"TGCGCGAGTAAGCACC-1","T_cells"
"TGCGCGAGTTAGCTGA-1","T_cells"
"TGCTATGCAATATGGA-1","T_cells"
"TGCTCAACACAGAACG-1","T_cells"
"TGCTCACTCAGGCTAT-1","T_cells"
"TGCTCACTCTAACCAA-1","T_cells"
"TGCTTCATCACAGCCA-1","T_cells"
"TGCTTCCAGTAGGATG-1","T_cells"
"TGCTTGCTCACCTGCT-1","T_cells"
"TGCTTGTGTGGGAACA-1","Monocyte"
"TGCTTTAGTTCCTGTG-1","Monocyte"
"TGGAACAAGGCTTAAC-1","T_cells"
"TGGAACAAGTAAGTCC-1","Monocyte"
"TGGAACAAGTCATTAG-1","Monocyte"
"TGGACGGAGTAAGTCC-1","T_cells"
"TGGACTAGTCAAACTG-1","T_cells"
"TGGATTCAGGGTCTAT-1","NK_cell"
"TGGATTCAGGTACCGC-1","Monocyte"
"TGGATTCAGTTATCCT-1","B_cell"
"TGGCCAATCAGCACCA-1","Monocyte"
"TGGCGGTTCATTACAG-1","NK_cell"
"TGGCGGTTCCCGTTAC-1","Monocyte"
"TGGCTAAGTAGCCTCC-1","Monocyte"
"TGGCTAAGTGTAATAC-1","T_cells"
"TGGCTAAGTTCACCCA-1","T_cells"
"TGGCTATAGGACCAGG-1","T_cells"
"TGGGCATGTTGTTCAC-1","B_cell"
"TGGGCCTAGTTATGGC-1","Monocyte"
"TGGTCATAGGAGCAAC-1","Monocyte"
"TGGTGATTCCTGCGAA-1","Monocyte"
"TGGTGCATCATGCTAA-1","B_cell"
"TGGTGCATCCTAGTTT-1","B_cell"
"TGGTGCATCCTGAATA-1","Monocyte"
"TGGTTAATCAATTACG-1","T_cells"
"TGGTTAATCCCTTGCG-1","T_cells"
"TGGTTCTGTCGCAATA-1","Monocyte"
"TGTAACTCACACCAAC-1","Monocyte"
"TGTAAGCTCAATGAGG-1","Monocyte"
"TGTAAGCTCCCGAACA-1","NK_cell"
"TGTAAGTGTCATAACG-1","T_cells"
"TGTAAGTGTTAATGAC-1","B_cell"
"TGTAATGTCATTACAG-1","T_cells"
"TGTAATGTCGTTTCCA-1","Monocyte"
"TGTATCGCAGGCTTGT-1","T_cells"
"TGTCAATCAACAACAA-1","Monocyte"
"TGTCAATCACCTACTT-1","T_cells"
"TGTCCTTCAGGCGATA-1","T_cells"
"TGTGATCAGTATGTGC-1","T_cells"
"TGTGATCAGTTTCCTG-1","T_cells"
"TGTGCGCAGCTTCCCG-1","T_cells"
"TGTGCGCAGGCAGGTG-1","Monocyte"
"TGTGCGCAGGTATTGC-1","Monocyte"
"TGTGCTGAGCTGTACG-1","Monocyte"
"TGTGCTGAGGAGGTTA-1","T_cells"
"TGTGGAGCAAAGGTAC-1","Monocyte"
"TGTGGCCAGCTATTGA-1","T_cells"
"TGTGGCGGTAATAACC-1","T_cells"
"TGTGGCGGTCGTAAAT-1","T_cells"
"TGTGTGAGTAATCCCT-1","Monocyte"
"TGTTACTTCATTCATC-1","Monocyte"
"TGTTACTTCCGTGACA-1","Monocyte"
"TGTTACTTCTGCAAGT-1","Monocyte"
"TGTTATGAGTAACCAC-1","T_cells"
"TGTTCATTCCTGGCTT-1","Monocyte"
"TGTTGTAAGTGACCTG-1","B_cell"
"TGTTGTGCATAATGTC-1","Monocyte"
"TTAAAGGCACATAACT-1","Monocyte"
"TTAAGCCAGCTATTAG-1","NK_cell"
"TTAAGGACAACTAGGG-1","T_cells"
"TTAAGGTGTCCGTGAG-1","T_cells"
"TTACACCGTACCGTTT-1","Monocyte"
"TTACACCGTTTCGCCA-1","NK_cell"
"TTACCGTGTGAACAAA-1","Monocyte"
"TTACCTGTCTCAATGA-1","Monocyte"
"TTACGTTTCGCGCTAA-1","Monocyte"
"TTAGAAGCACCTCAGG-1","T_cells"
"TTAGAAGCAGCAATAA-1","Monocyte"
"TTAGACTCACTTCACT-1","T_cells"
"TTAGCCTGTTTAACGG-1","T_cells"
"TTAGCTGCAATCATGT-1","Monocyte"
"TTAGCTGCATGGTTAT-1","T_cells"
"TTAGGCGTCCGCACAA-1","Monocyte"
"TTAGGCGTCCTTAGGG-1","NK_cell"
"TTAGTCAAGGTACCGC-1","T_cells"
"TTATAGCCAATTGCGC-1","Monocyte"
"TTATCCGTCAATTGGC-1","T_cells"
"TTATCCTAGACCATAC-1","T_cells"
"TTATCCTAGCTATGAC-1","Monocyte"
"TTATGACCATGAAGTA-1","T_cells"
"TTATGCGCAGGTTATT-1","Monocyte"
"TTCACTGTCGTTTCCA-1","Monocyte"
"TTCAGGTAGCTTCTCA-1","T_cells"
"TTCAGGTAGTGGCGGA-1","Monocyte"
"TTCAGTTTCCTAAGGT-1","Monocyte"
"TTCCCACAGAGGGACT-1","Monocyte"
"TTCCCGCCAGCTTAAT-1","Monocyte"
"TTCCTCAAGAACCTGT-1","NK_cell"
"TTCCTCAAGGCCCAGT-1","T_cells"
"TTCCTCAAGTTCCTCA-1","Monocyte"
"TTCCTTCTCATCACTT-1","Monocyte"
"TTCGGTACACTTGTTC-1","Monocyte"
"TTCGGTACAGTGAACG-1","Monocyte"
"TTCGTGCTCCAAATCA-1","T_cells"
"TTCGTGCTCGCTAGCA-1","B_cell"
"TTCGTTAGTGCTTACT-1","T_cells"
"TTCGTTAGTTTGGCGG-1","NK_cell"
"TTGCACACATCAGTAT-1","Monocyte"
"TTGCATTTCAAAGGCA-1","T_cells"
"TTGCGTCTCAGCAAAG-1","NK_cell"
"TTGCGTCTCATGACCG-1","Monocyte"
"TTGGAGGCATCCGTAA-1","T_cells"
"TTGGATATCACACAGT-1","Monocyte"
"TTGGCGGGTGCAATAT-1","Monocyte"
"TTGGCTTGTTTGCGCC-1","T_cells"
"TTGGGTTAGATTGAGG-1","T_cells"
"TTGTCAAAGGATTGAG-1","Monocyte"
"TTGTCCATCTCACTCA-1","Monocyte"
"TTGTCCCAGTTTGCGG-1","T_cells"
"TTGTCCGGTTGGTGAC-1","T_cells"
"TTGTGAGGTTATCCTA-1","Monocyte"
"TTGTGCCTCGATCAGT-1","Monocyte"
"TTGTTGCGTTTGCGCC-1","T_cells"
"TTTAACGAGCGTGCGT-1","T_cells"
"TTTACGCGTATTGGTG-1","Monocyte"
"TTTAGCTTCGGTACGC-1","T_cells"
"TTTAGCTTCTAAGTCA-1","T_cells"
"TTTAGGATCGCTAAGT-1","Monocyte"
"TTTATGGAGTTATGTG-1","Monocyte"
"TTTCAGTTCGTTAGTA-1","Monocyte"
"TTTCATCAGGCTGTGC-1","Monocyte"
"TTTCATCAGGTCCTAG-1","T_cells"
"TTTCATCAGTCACCTC-1","T_cells"
"TTTCCTGAGCAGGCCT-1","T_cells"
"TTTCGTCCACAGGATG-1","Monocyte"
"TTTCTCACATAGACTT-1","T_cells"
"TTTCTTGCATCCTAGA-1","Monocyte"
"TTTGACTTCAGTATTG-1","T_cells"
"TTTGAGTCATCCGTAA-1","NK_cell"
"TTTGCGACATACCCGG-1","B_cell"
"TTTGCGGAGGCGAATA-1","T_cells"
"TTTGCGGAGGTCTTGG-1","T_cells"
"TTTGGTGCAGTAGGAT-1","T_cells"
"TTTGGTGCATCAGTAT-1","T_cells"
"TTTGTGAAGCGTGCGT-1","T_cells"
"TTTGTGGCAAAGCGGC-1","Monocyte"
"TTTGTGGCACGAATTT-1","T_cells"
"TTTGTGGCATAAGGAC-1","Monocyte"
"TTTGTTGGTTTCAGGA-1","T_cells"
